accession	record_class	length_bp	n_ambiguous	strand_vs_reference	n_anchor_chains	ref_span_start	ref_span_end	genes_covered	n_guides_scored
AB009254.2	subgenomic	1131	0	-	1	46681	47801		0
AB009255.3	subgenomic	843	0	-	1	46965	47801		0
AB009258.1	subgenomic	1131	0	-	1	46673	47801		0
AB009259.1	subgenomic	1131	0	-	1	46673	47777		0
AB009260.1	subgenomic	1131	0	-	1	46673	47801		0
AB009264.1	subgenomic	1881	0	-	1	25008	26888		0
AB009265.2	subgenomic	1881	0	-	1	25008	26888		0
AB009266.2	subgenomic	1881	0	-	1	25032	26888		0
AB009267.1	subgenomic	1470	0	-	1	91167	92635		0
AB009268.1	subgenomic	1557	0	-	1	26947	28503		0
AB032866.1	subgenomic	1131	0	-	1	46673	47801		0
AB032867.1	subgenomic	1131	0	-	1	46673	47801		0
AB032868.1	subgenomic	1131	0	-	1	46673	47801		0
AB032869.1	subgenomic	1131	0	-	1	46673	47801		0
AB032870.1	subgenomic	1131	0	-	1	46673	47801		0
AB032871.1	subgenomic	1131	0	-	1	46673	47801		0
AB032872.1	subgenomic	1131	0	-	1	46673	47801		0
AB032873.1	subgenomic	1131	0	-	1	46673	47801		0
AB032874.1	subgenomic	1131	0	-	1	46673	47801		0
AB032875.1	subgenomic	1131	0	-	1	46673	47801		0
AB032876.1	subgenomic	1131	0	-	1	46673	47801		0
AB032877.1	subgenomic	1131	0	-	1	46673	47801		0
AB032878.1	subgenomic	1131	0	-	1	46673	47801		0
AB032879.1	subgenomic	1131	0	-	1	46673	47789		0
AB032880.1	subgenomic	1131	0	-	1	46673	47801		0
AB032881.1	subgenomic	1131	0	-	1	46673	47801		0
AB032882.1	subgenomic	1131	0	-	1	46673	47801		0
AB032883.1	subgenomic	1131	0	-	1	46673	47801		0
AB032884.1	subgenomic	1131	0	-	1	46673	47801		0
AB032885.1	subgenomic	1131	0	-	1	46673	47801		0
AB032886.1	subgenomic	1131	0	-	1	46673	47777		0
AB032887.1	subgenomic	1131	0	-	1	46673	47777		0
AB032888.1	subgenomic	1131	0	-	1	46673	47777		0
AB032889.1	subgenomic	1131	0	-	1	46673	47777		0
AB032890.1	subgenomic	1131	0	-	1	46673	47777		0
AB047358.1	subgenomic	1255	0	-	1	46549	47801		0
AB047359.1	subgenomic	1232	0	-	1	46573	47800		0
AB047365.1	subgenomic	1256	0	-	1	46547	47800		0
AB047366.1	subgenomic	1228	0	-	1	46575	47800		0
AB047367.1	subgenomic	818	0	-	2	46550	47802		0
AB047368.1	subgenomic	1249	0	-	1	46555	47803		0
AB047369.1	subgenomic	1251	0	-	1	46577	47801		0
AB047370.1	subgenomic	1251	0	-	1	46553	47801		0
AB047371.1	subgenomic	1188	0	-	1	46616	47800		0
AB047372.1	subgenomic	1252	0	-	1	46556	47800		0
AB047373.1	subgenomic	1250	0	-	1	46554	47802		0
AB047374.1	subgenomic	1253	0	-	1	46551	47803		0
AB047375.1	subgenomic	1250	0	-	1	46554	47802		0
AB047376.1	subgenomic	1243	0	-	1	46561	47801		0
AB047377.1	subgenomic	1253	0	-	1	46551	47803		0
AB047378.1	subgenomic	1252	0	-	1	46552	47800		0
AB070847.2	subgenomic	3708	0	+	1	62807	66511	UL30	794
AB070848.2	subgenomic	3708	0	+	1	62807	66511	UL30	794
AB072389.1	subgenomic	3708	0	+	1	62807	66511	UL30	794
AB078742.1	subgenomic	1131	0	-	1	46673	47777		0
AB220986.1	subgenomic	1467	0	+	1	93112	94576		0
AB220987.1	subgenomic	1467	0	+	1	93112	94576		0
AB220988.1	subgenomic	1467	0	+	1	93112	94576		0
AB220989.1	subgenomic	1467	0	+	1	93136	94576		0
AB220990.1	subgenomic	1467	0	+	1	93112	94560		0
AB220991.1	subgenomic	1467	0	+	1	93136	94576		0
AB231455.1	subgenomic	3708	0	+	1	62807	66511	UL30	794
AB231456.1	subgenomic	3708	0	+	1	62807	66511	UL30	794
AB231457.1	subgenomic	3708	0	+	1	62807	66511	UL30	794
AB231458.1	subgenomic	3708	0	+	1	62807	66511	UL30	794
AB231459.1	subgenomic	3708	0	+	1	62807	66511	UL30	794
AB231460.1	subgenomic	3708	0	+	1	62807	66511	UL30	794
AB235841.1	subgenomic	1539	0	+	1	113735	115271	UL54	372
AB235842.1	subgenomic	1539	0	+	1	113735	115271	UL54	372
AB235843.1	subgenomic	1539	0	+	1	113735	115271	UL54	372
AB235844.1	subgenomic	1539	0	+	1	113735	115271	UL54	372
AB235845.1	subgenomic	1539	0	+	1	113735	115271	UL54	372
AB247570.1	subgenomic	2649	0	-	1	12484	15132	UL5	483
AB247571.1	subgenomic	2649	0	-	1	12484	15132	UL5	483
AB247572.1	subgenomic	2649	0	-	1	12484	15132	UL5	483
AB247573.1	subgenomic	3591	0	-	1	58464	62052	UL29	783
AB247574.1	subgenomic	3591	0	-	1	58464	62052	UL29	783
AB247575.1	subgenomic	3591	0	-	1	58464	62052	UL29	783
AB247576.1	subgenomic	3591	0	-	1	58464	62052	UL29	783
AB247577.1	subgenomic	3591	0	-	1	58464	62052	UL29	777
AB247578.1	subgenomic	3591	0	-	1	58464	62052	UL29	783
AB247579.1	subgenomic	3177	0	+	1	109049	112225	UL52	673
AB247580.1	subgenomic	3177	0	+	1	109049	112225	UL52	673
AB247581.1	subgenomic	3177	0	+	1	109049	112225	UL52	673
AB252708.1	subgenomic	2112	0	-	1	31399	33495		0
AB252709.1	subgenomic	1743	0	+	1	48826	50554		0
AB252710.1	subgenomic	906	0	-	1	105487	106391		0
AB252711.1	subgenomic	675	0	+	1	9338	10010		0
AB252712.1	subgenomic	2031	0	+	1	15131	17159	UL5	0
AB252713.1	subgenomic	2358	0	-	1	55803	58159		0
AB252863.1	subgenomic	2715	0	-	1	53081	55765		0
AB252864.1	subgenomic	921	0	-	1	66459	67367	UL30	0
AB252865.1	subgenomic	1791	0	-	1	67372	69160		0
AB252866.1	subgenomic	393	0	+	1	69161	69553		0
AB252867.1	subgenomic	828	0	+	1	69661	70457		0
AB252868.1	subgenomic	339	0	+	1	70566	70902		0
AB256521.1	subgenomic	1398	0	+	1	84531	85927		0
AB266255.1	subgenomic	177	0	+	1	144683	144791		0
AB266256.1	subgenomic	177	0	+	1	144683	144791		0
AB266257.1	subgenomic	177	0	+	1	144683	144791		0
AB266258.1	subgenomic	177	0	+	1	144683	144791		0
AB266259.1	subgenomic	177	0	+	1	144683	144791		0
AB266260.1	subgenomic	159	0	+	1	144683	144827		0
AB266261.1	subgenomic	159	0	+	1	144683	144827		0
AB297668.1	subgenomic	717	0	+	1	136747	137463		0
AB297669.1	subgenomic	720	0	+	1	136747	137460		0
AB297670.1	subgenomic	720	0	+	1	136747	137460		0
AB329728.1	subgenomic	357	0	-	2	23	152207		0
AB329729.1	subgenomic	290	0	-	4	23	152210		0
AB329730.1	subgenomic	278	0	-	4	23	152209		0
AB329731.1	subgenomic	288	0	-	4	23	152210		0
AB329732.1	subgenomic	368	0	-	2	23	152209		0
AB329733.1	subgenomic	320	0	-	4	23	152208		0
AB329734.1	subgenomic	331	0	-	4	23	152209		0
AB329735.1	subgenomic	364	0	-	2	23	152208		0
AB329736.1	subgenomic	411	0	-	2	19	152201		0
AB329737.1	subgenomic	376	0	-	2	19	152208		0
AB329738.1	subgenomic	323	0	-	4	19	152201		0
AB329739.1	subgenomic	327	0	-	4	19	152209		0
AB329740.1	subgenomic	269	0	-	4	23	152209		0
AB329741.1	subgenomic	313	0	-	4	23	152210		0
AB329742.1	subgenomic	281	0	-	4	19	152195		0
AB329743.1	subgenomic	260	0	-	4	19	152196		0
AB329744.1	subgenomic	316	0	-	4	19	152204		0
AB329745.1	subgenomic	341	0	-	2	23	152207		0
AB329746.1	subgenomic	349	0	-	2	23	152210		0
AB329747.1	subgenomic	281	0	-	4	19	152208		0
AB329748.1	subgenomic	297	0	-	4	19	152207		0
AB329749.1	subgenomic	394	0	-	2	47	152209		0
AB329750.1	subgenomic	399	0	-	2	19	152209		0
AB329751.1	subgenomic	236	0	-	4	47	152208		0
AB329752.1	subgenomic	250	0	-	4	47	152210		0
AB329753.1	subgenomic	224	0	-	4	47	152152		0
AB365522.1	subgenomic	177	0	+	1	144683	144827		0
AB365523.1	subgenomic	177	0	+	1	144683	144827		0
AB365524.1	subgenomic	177	0	+	1	144683	144827		0
AB365525.1	subgenomic	177	0	+	1	144683	144827		0
AB426482.1	subgenomic	177	0	+	1	144683	144827		0
AB426483.1	subgenomic	177	0	+	1	144683	144827		0
AB426484.1	subgenomic	177	0	+	1	144683	144827		0
AB426485.1	subgenomic	177	0	+	1	144683	144827		0
AB426486.1	subgenomic	177	0	+	1	144683	144886		0
AB426487.1	subgenomic	177	0	+	1	144683	144886		0
AB426488.1	subgenomic	177	0	+	1	144683	144886		0
AB426489.1	subgenomic	177	0	+	1	144683	144886		0
AB691131.1	subgenomic	3708	0	+	1	62807	66511	UL30	794
AB691132.1	subgenomic	3708	0	+	1	62807	66511	UL30	794
AB691133.1	subgenomic	3708	0	+	1	62807	66511	UL30	794
AB691550.1	subgenomic	3708	0	+	1	62807	66511	UL30	794
AB691551.1	subgenomic	3708	0	+	1	62807	66511	UL30	794
AB691552.1	subgenomic	3708	0	+	1	62807	66511	UL30	794
AB713519.1	subgenomic	1131	0	-	1	46673	47801		0
AB713520.1	subgenomic	1131	0	-	1	46673	47801		0
AB856424.1	subgenomic	186	0	+	2	144683	144885		0
AB856425.1	subgenomic	186	0	+	2	144683	144885		0
AB856426.1	subgenomic	186	0	+	2	144683	144885		0
AB856427.1	subgenomic	186	0	+	2	144683	144885		0
AB856428.1	subgenomic	186	0	+	2	144683	144885		0
AB856429.1	subgenomic	186	0	+	2	144683	144885		0
AB856430.1	subgenomic	186	0	+	2	144683	144885		0
AB856431.1	subgenomic	186	0	+	2	144683	144885		0
AB856432.1	subgenomic	186	0	+	2	144683	144885		0
AB856433.1	subgenomic	186	0	+	2	144683	144885		0
AB856434.1	subgenomic	186	0	+	2	144683	144885		0
AB856435.1	subgenomic	186	0	+	2	144683	144885		0
AB856436.1	subgenomic	168	0	+	1	144683	144835		0
AB856437.1	subgenomic	177	0	+	1	144683	144827		0
AB856438.1	subgenomic	177	0	+	1	144683	144827		0
AB856439.1	subgenomic	177	0	+	1	144683	144827		0
AB856440.1	subgenomic	177	0	+	1	144683	144827		0
AB856441.1	subgenomic	177	0	+	1	144683	144827		0
AB856442.1	subgenomic	177	0	+	1	144683	144827		0
AB856443.1	subgenomic	177	0	+	1	144683	144827		0
AB856444.1	subgenomic	177	0	+	1	144683	144827		0
AB856445.1	subgenomic	177	0	+	1	144683	144827		0
AB856446.1	subgenomic	177	0	+	1	144683	144827		0
AB856447.1	subgenomic	177	0	+	1	144683	144827		0
AB856448.1	subgenomic	177	0	+	1	144683	144827		0
AB856449.1	subgenomic	177	0	+	1	144683	144827		0
AB856450.1	subgenomic	177	0	+	1	144683	144827		0
AB856451.1	subgenomic	177	0	+	1	144683	144827		0
AB856452.1	subgenomic	177	0	+	1	144683	144827		0
AB856453.1	subgenomic	177	0	+	1	144683	144827		0
AB856454.1	subgenomic	177	0	+	1	144683	144827		0
AB856455.1	subgenomic	177	0	+	1	144683	144827		0
AB856456.1	subgenomic	195	0	+	1	144683	144827		0
AB856457.1	subgenomic	159	0	+	1	144683	144827		0
AB856458.1	subgenomic	159	0	+	1	144683	144827		0
AB856459.1	subgenomic	177	0	+	1	144683	144827		0
AB856460.1	subgenomic	213	0	+	1	144683	144827		0
AB856461.1	subgenomic	177	0	+	1	144683	144827		0
AB856462.1	subgenomic	177	0	+	1	144683	144827		0
AB856463.1	subgenomic	177	0	+	1	144683	144827		0
AB856464.1	subgenomic	177	0	+	1	144683	144827		0
AB856465.1	subgenomic	177	0	+	1	144683	144827		0
AB856466.1	subgenomic	177	0	+	1	144683	144827		0
AB856467.1	subgenomic	177	0	+	1	144683	144827		0
AB856468.1	subgenomic	177	0	+	1	144683	144827		0
AB856469.1	subgenomic	177	0	+	1	144683	144827		0
AB856470.1	subgenomic	182	0	+	1	144683	144827		0
AB856471.1	subgenomic	159	0	+	1	144683	144827		0
AB856472.1	subgenomic	177	0	+	1	144683	144827		0
AB856473.1	subgenomic	177	0	+	1	144683	144827		0
AB856474.1	subgenomic	177	0	+	1	144683	144827		0
AB856475.1	subgenomic	177	0	+	1	144683	144827		0
AB856476.1	subgenomic	177	0	+	1	144683	144827		0
AB856477.1	subgenomic	180	0	+	1	144683	144827		0
AB856478.1	subgenomic	177	0	+	1	144683	144827		0
AB856479.1	subgenomic	177	0	+	1	144719	144827		0
AB856480.1	subgenomic	177	0	+	1	144683	144791		0
AB856481.1	subgenomic	177	0	+	1	144719	144827		0
AF007815.1	subgenomic	2172	0	-	1	90559	92727		0
AF035012.1	subgenomic	1017	0	+	1	112180	113196	UL52	4
AF041142.1	subgenomic	1441	0	+	1	118866	120304		0
AF057310.1	subgenomic	1445	0	-	1	46664	48107		0
AF097023.1	subgenomic	2715	0	-	1	53081	55793		0
AF116192.1	subgenomic	759	1	+	1	136724	137445		0
AF116193.1	subgenomic	757	0	+	1	136722	137447		0
AF117114.1	subgenomic	756	0	+	1	136724	137460		0
AF117115.1	subgenomic	756	0	+	1	136724	137460		0
AF117116.1	subgenomic	756	0	+	1	136724	137460		0
AF117117.1	subgenomic	756	0	+	1	136724	137460		0
AF117118.1	subgenomic	756	0	+	1	136724	137460		0
AF117119.1	subgenomic	756	0	+	1	136724	137460		0
AF117120.1	subgenomic	756	0	+	1	136724	137460		0
AF117121.1	subgenomic	756	0	+	1	136724	137460		0
AF117122.1	subgenomic	756	0	+	1	136708	137460		0
AF117123.1	subgenomic	756	0	+	1	136724	137460		0
AF120934.1	subgenomic	756	0	+	1	136724	137460		0
AF135370.1	subgenomic	315	0	-	1	47269	47573		0
AF220940.1	subgenomic	1539	0	+	1	113735	115271	UL54	372
AF243477.1	subgenomic	1131	0	-	1	46673	47801		0
AF243478.1	subgenomic	1131	0	-	1	46673	47801		0
AF243479.1	subgenomic	1131	0	-	1	46681	47785		0
AF243480.1	subgenomic	1132	0	-	1	46681	47784		0
AF243481.1	subgenomic	1131	0	-	1	46673	47801		0
AF243482.1	subgenomic	1131	0	-	1	46673	47801		0
AF243483.1	subgenomic	1131	0	-	1	46673	47801		0
AF243484.1	subgenomic	1131	0	-	1	46673	47801		0
AF243485.1	subgenomic	1130	0	-	1	46673	47802		0
AF243486.1	subgenomic	1131	0	-	1	46673	47785		0
AF243487.1	subgenomic	1131	0	-	1	46673	47785		0
AF243488.1	subgenomic	1131	0	-	1	46673	47801		0
AF243489.1	subgenomic	1130	0	-	1	46673	47802		0
AF243490.1	subgenomic	1132	0	-	1	46673	47800		0
AF243491.1	subgenomic	1132	0	-	1	46673	47800		0
AF243492.1	subgenomic	1131	0	-	1	46685	47801		0
AF243493.1	subgenomic	1131	0	-	1	46681	47801		0
AF243494.1	subgenomic	1131	0	-	1	46681	47801		0
AF251158.1	subgenomic	947	0	+	7	403	1295		0
AF251159.1	subgenomic	824	0	+	6	539	1294		0
AF259899.1	subgenomic	2809	0	-	1	53108	55832		0
AF290017.1	subgenomic	325	0	+	5	145540	145832		0
AF290018.1	subgenomic	292	0	+	6	145540	145792		0
AF293614.1	subgenomic	1185	0	+	1	138423	139595		0
AF296257.1	subgenomic	2517	0	-	1	43867	46383		0
AF303108.1	subgenomic	1131	0	-	1	46693	47801		0
AF311740.1	subgenomic	2715	0	-	1	53081	55773		0
AF324427.1	subgenomic	268	0	+	5	132336	132607		0
AF324428.1	subgenomic	264	0	+	5	145540	145829		0
AF333383.1	subgenomic	1185	0	+	1	138423	139607		0
AF431736.1	subgenomic	1243	0	+	1	2117	3124	RL2	19
AF452491.1	subgenomic	178	0	+	1	65275	65451	UL30	30
AF452492.1	subgenomic	370	0	+	1	33761	34129		0
AF487901.1	subgenomic	1185	0	+	1	138423	139607		0
AF487902.1	subgenomic	1185	0	+	1	138423	139607		0
AF513114.1	subgenomic	288	0	+	1	136980	137172		0
AF513115.1	subgenomic	285	0	+	1	136983	137171		0
AF513116.1	subgenomic	285	0	+	1	136983	137171		0
AF513117.1	subgenomic	285	0	+	1	136983	137171		0
AF513118.1	subgenomic	285	0	+	1	136983	137171		0
AF513119.1	subgenomic	285	0	+	1	136983	137171		0
AF513120.1	subgenomic	285	0	+	1	136983	137171		0
AF513121.1	subgenomic	285	0	+	1	136983	137171		0
AF513122.1	subgenomic	285	0	+	1	136983	137171		0
AF513123.1	subgenomic	285	0	+	1	136983	137171		0
AF513124.1	subgenomic	285	0	+	1	136983	137171		0
AF513125.1	subgenomic	284	0	+	1	136983	137171		0
AF513126.1	subgenomic	285	0	+	1	136983	137171		0
AF513127.1	subgenomic	284	0	+	1	136983	137171		0
AF513128.1	subgenomic	285	0	+	1	136983	137171		0
AF513129.1	subgenomic	285	0	+	1	136983	137171		0
AF513130.1	subgenomic	285	0	+	1	136983	137171		0
AF513131.1	subgenomic	285	0	+	1	136983	137171		0
AF513132.1	subgenomic	285	0	+	1	136983	137171		0
AF513133.1	subgenomic	285	0	+	1	136983	137171		0
AF513134.1	subgenomic	285	0	+	1	136983	137171		0
AF513135.1	subgenomic	285	0	+	1	136983	137171		0
AF513136.1	subgenomic	285	0	+	1	136983	137171		0
AF513137.1	subgenomic	285	0	+	1	136983	137171		0
AF513138.1	subgenomic	285	0	+	1	136983	137171		0
AF513139.1	subgenomic	285	2	+	1	136983	137171		0
AF513140.1	subgenomic	285	0	+	1	136983	137171		0
AF513141.1	subgenomic	285	0	+	1	136983	137171		0
AF513142.1	subgenomic	285	0	+	1	136983	137171		0
AF513143.1	subgenomic	285	0	+	1	136983	137171		0
AF513144.1	subgenomic	285	0	+	1	136983	137215		0
AF513145.1	subgenomic	285	0	+	1	136983	137171		0
AF513146.1	subgenomic	285	0	+	1	136983	137171		0
AF513147.1	subgenomic	285	0	+	1	136983	137235		0
AF513148.1	subgenomic	282	0	+	1	136978	137234		0
AF513149.1	subgenomic	282	0	+	1	136954	137234		0
AF513150.1	subgenomic	282	0	+	1	136954	137234		0
AF513151.1	subgenomic	282	0	+	1	136978	137234		0
AF513152.1	subgenomic	282	0	+	1	136978	137234		0
AF513153.1	subgenomic	282	0	+	1	136954	137234		0
AF513154.1	subgenomic	282	0	+	1	136978	137234		0
AF513155.1	subgenomic	282	0	+	1	136954	137234		0
AF513156.1	subgenomic	282	0	+	1	136978	137234		0
AF513157.1	subgenomic	282	0	+	1	136954	137234		0
AF513158.1	subgenomic	282	0	+	1	136954	137234		0
AF513159.1	subgenomic	282	0	+	1	136954	137234		0
AF513160.1	subgenomic	282	0	+	1	136978	137234		0
AF513161.1	subgenomic	282	0	+	1	136954	137234		0
AF513162.1	subgenomic	282	0	+	1	136994	137234		0
AF513163.1	subgenomic	282	1	+	1	136978	137234		0
AF513164.1	subgenomic	282	0	+	1	136978	137234		0
AF513165.1	subgenomic	282	0	+	1	136978	137234		0
AF513166.1	subgenomic	282	0	+	1	136994	137234		0
AF513167.1	subgenomic	282	0	+	1	136978	137234		0
AF513168.1	subgenomic	282	1	+	1	136978	137234		0
AF513169.1	subgenomic	282	1	+	1	136978	137234		0
AF513170.1	subgenomic	282	0	+	1	136978	137234		0
AF513171.1	subgenomic	282	0	+	1	136978	137234		0
AF513172.1	subgenomic	281	1	+	1	136986	137235		0
AF513173.1	subgenomic	282	0	+	1	136954	137234		0
AF513174.1	subgenomic	282	0	+	1	136978	137234		0
AF513175.1	subgenomic	282	0	+	1	136978	137234		0
AF513176.1	subgenomic	282	0	+	1	136954	137234		0
AF513177.1	subgenomic	282	0	+	1	136978	137234		0
AF513178.1	subgenomic	282	0	+	1	136954	137234		0
AF513179.1	subgenomic	282	0	+	1	136978	137174		0
AF513180.1	subgenomic	282	0	+	1	136978	137226		0
AF513181.1	subgenomic	282	0	+	1	136978	137174		0
AF513182.1	subgenomic	282	0	+	1	136978	137174		0
AF513183.1	subgenomic	282	0	+	1	136978	137174		0
AF513184.1	subgenomic	282	0	+	1	136978	137174		0
AF513185.1	subgenomic	282	0	+	1	136978	137234		0
AF513186.1	subgenomic	282	0	+	1	136954	137234		0
AF513187.1	subgenomic	282	0	+	1	136978	137234		0
AF513188.1	subgenomic	282	0	+	1	136954	137234		0
AF513189.1	subgenomic	282	0	+	1	136978	137174		0
AF513190.1	subgenomic	282	0	+	1	136978	137234		0
AF513191.1	subgenomic	282	0	+	1	136978	137234		0
AF513192.1	subgenomic	282	0	+	1	136978	137234		0
AF513193.1	subgenomic	282	0	+	1	136978	137234		0
AF513194.1	subgenomic	282	0	+	1	136978	137234		0
AF513195.1	subgenomic	282	0	+	1	136978	137234		0
AF513196.1	subgenomic	283	0	+	1	136997	137233		0
AF513197.1	subgenomic	282	0	+	1	136954	137234		0
AF513198.1	subgenomic	282	0	+	1	136978	137234		0
AF513199.1	subgenomic	282	0	+	1	136954	137234		0
AF513200.1	subgenomic	282	0	+	1	136978	137234		0
AF513201.1	subgenomic	282	0	+	1	136954	137234		0
AF513202.1	subgenomic	282	0	+	1	136954	137234		0
AF513203.1	subgenomic	282	0	+	1	136978	137234		0
AF513204.1	subgenomic	282	0	+	1	136954	137234		0
AF513205.1	subgenomic	282	0	+	1	136954	137234		0
AF513206.1	subgenomic	282	0	+	1	136978	137234		0
AF513207.1	subgenomic	282	0	+	1	136978	137234		0
AF513208.1	subgenomic	282	0	+	1	136978	137234		0
AF513209.1	subgenomic	282	0	+	1	136978	137234		0
AF513210.1	subgenomic	285	0	+	1	136983	137215		0
AF513211.1	subgenomic	282	0	+	1	136978	137234		0
AF513212.1	subgenomic	282	0	+	1	136978	137234		0
AF513213.1	subgenomic	282	0	+	1	136978	137234		0
AF513214.1	subgenomic	282	0	+	1	136978	137234		0
AF513215.1	subgenomic	282	0	+	1	136978	137234		0
AF513216.1	subgenomic	282	0	+	1	136978	137234		0
AF513217.1	subgenomic	282	0	+	1	136978	137234		0
AF513218.1	subgenomic	282	0	+	1	136978	137234		0
AH002357.2	subgenomic	1192	100	-	2	55264	58870	UL29	94
AH002358.2	subgenomic	1774	400	+	5	28676	34860		0
AH002359.2	subgenomic	1476	100	+	2	125647	127409		0
AH002360.2	subgenomic	14100	300	+	2	92872	112405	UL52	1153
AJ133757.1	subgenomic	1800	0	+	1	96181	97978		0
AJ421487.1	subgenomic	1536	0	+	1	96312	97844		0
AJ421488.1	subgenomic	1536	0	+	1	96320	97844		0
AJ421489.1	subgenomic	1536	1	+	1	96312	97844		0
AJ421490.1	subgenomic	1536	0	+	1	96312	97844		0
AJ421491.1	subgenomic	1536	0	+	1	96312	97844		0
AJ421492.1	subgenomic	1536	0	+	1	96312	97844		0
AJ421493.1	subgenomic	1536	0	+	1	96312	97844		0
AJ421494.1	subgenomic	1536	0	+	1	96312	97844		0
AJ421495.1	subgenomic	1536	0	+	1	96312	97844		0
AJ421496.1	subgenomic	1536	0	+	1	96312	97844		0
AJ421497.1	subgenomic	1536	0	+	1	96312	97844		0
AJ421498.1	subgenomic	1536	0	+	1	96312	97844		0
AJ421499.1	subgenomic	1536	0	+	1	96312	97844		0
AJ421500.1	subgenomic	1536	0	+	1	96312	97844		0
AJ421501.1	subgenomic	1536	1	+	1	96312	97844		0
AJ421502.1	subgenomic	1536	0	+	1	96312	97844		0
AJ421503.1	subgenomic	1536	0	+	1	96312	97844		0
AJ421504.1	subgenomic	1536	0	+	1	96312	97844		0
AJ421505.1	subgenomic	1536	0	+	1	96312	97844		0
AJ421506.1	subgenomic	1536	0	+	1	96312	97844		0
AJ421507.1	subgenomic	1536	0	+	1	96312	97844		0
AJ421508.1	subgenomic	1536	0	+	1	96312	97844		0
AJ421509.1	subgenomic	1536	0	+	1	96312	97844		0
AJ626469.1	subgenomic	1658	2	+	1	141247	142897		0
AJ626470.1	subgenomic	1652	0	+	1	141247	142895		0
AJ626471.1	subgenomic	1658	0	+	1	141247	142897		0
AJ626472.1	subgenomic	1652	0	+	1	141247	142895		0
AJ626473.1	subgenomic	1658	0	+	1	141247	142897		0
AJ626474.1	subgenomic	1652	0	+	1	141247	142895		0
AJ626475.1	subgenomic	1658	0	+	1	141247	142897		0
AJ626476.1	subgenomic	1652	0	+	1	141247	142895		0
AJ626477.1	subgenomic	1652	0	+	1	141247	142895		0
AJ626478.1	subgenomic	1652	0	+	1	141247	142895		0
AJ626479.1	subgenomic	1652	0	+	1	141247	142895		0
AJ626480.1	subgenomic	1658	0	+	1	141247	142897		0
AJ626481.1	subgenomic	1658	0	+	1	141247	142897		0
AJ626482.1	subgenomic	1658	0	+	1	141247	142897		0
AJ626483.1	subgenomic	1658	0	+	1	141247	142897		0
AJ626484.1	subgenomic	1652	0	+	1	141247	142895		0
AJ626485.1	subgenomic	1652	1	+	1	141247	142895		0
AJ626486.1	subgenomic	1652	0	+	1	141247	142895		0
AJ626487.1	subgenomic	1646	0	+	1	141253	142897		0
AJ626488.1	subgenomic	1652	0	+	1	141247	142895		0
AJ626489.1	subgenomic	1652	3	+	1	141247	142895		0
AJ626490.1	subgenomic	1652	0	+	1	141247	142895		0
AJ626491.1	subgenomic	1652	0	+	1	141247	142895		0
AJ626492.1	subgenomic	1652	0	+	1	141247	142895		0
AJ626493.1	subgenomic	1658	0	+	1	141247	142897		0
AJ626494.1	subgenomic	1652	0	+	1	141247	142895		0
AJ626495.1	subgenomic	1652	0	+	1	141247	142895		0
AJ626496.1	subgenomic	1658	0	+	1	141247	142897		0
AJ626497.1	subgenomic	1652	0	+	1	141247	142895		0
AJ626498.1	subgenomic	1652	0	+	1	141247	142895		0
AJ626499.1	subgenomic	745	0	+	1	136723	137463		0
AJ626500.1	subgenomic	748	0	+	1	136723	137448		0
AJ626501.1	subgenomic	745	0	+	1	136723	137463		0
AJ626502.1	subgenomic	745	0	+	1	136719	137463		0
AJ626503.1	subgenomic	745	0	+	1	136723	137463		0
AJ626504.1	subgenomic	745	0	+	1	136719	137463		0
AJ626505.1	subgenomic	745	0	+	1	136723	137463		0
AJ626506.1	subgenomic	745	1	+	1	136723	137463		0
AJ626507.1	subgenomic	745	0	+	1	136723	137447		0
AJ626508.1	subgenomic	745	0	+	1	136723	137463		0
AJ626509.1	subgenomic	745	0	+	1	136723	137463		0
AJ626510.1	subgenomic	745	0	+	1	136723	137463		0
AJ626511.1	subgenomic	745	0	+	1	136723	137463		0
AJ626512.1	subgenomic	745	0	+	1	136719	137463		0
AJ626513.1	subgenomic	748	0	+	1	136723	137460		0
AJ626514.1	subgenomic	745	0	+	1	136719	137463		0
AJ626515.1	subgenomic	745	0	+	1	136719	137463		0
AJ626516.1	subgenomic	745	0	+	1	136719	137463		0
AJ626517.1	subgenomic	745	0	+	1	136719	137463		0
AJ626518.1	subgenomic	748	0	+	1	136723	137448		0
AJ626519.1	subgenomic	748	0	+	1	136723	137448		0
AJ626520.1	subgenomic	748	0	+	1	136723	137448		0
AJ626521.1	subgenomic	745	1	+	1	136723	137463		0
AJ626522.1	subgenomic	745	0	+	1	136723	137447		0
AJ626523.1	subgenomic	745	1	+	1	136723	137463		0
AJ626524.1	subgenomic	745	0	+	1	136723	137463		0
AJ626525.1	subgenomic	748	0	+	1	136723	137448		0
AJ626526.1	subgenomic	745	0	+	1	136723	137463		0
AJ626527.1	subgenomic	1215	1	+	4	139793	140959		0
AJ626528.1	subgenomic	1153	1	+	1	139793	140961		0
AJ626529.1	subgenomic	1188	0	+	4	139789	140958		0
AJ626530.1	subgenomic	1152	0	+	1	139789	140958		0
AJ626531.1	subgenomic	1194	0	+	3	139789	140960		0
AJ626532.1	subgenomic	1173	0	+	1	139789	140961		0
AJ626533.1	subgenomic	1215	1	+	4	139789	140959		0
AJ626534.1	subgenomic	1194	0	+	3	139789	140960		0
AJ626535.1	subgenomic	1152	0	+	1	139789	140958		0
AJ626536.1	subgenomic	1215	0	+	4	139789	140959		0
AJ626537.1	subgenomic	1173	0	+	2	139789	140961		0
AJ626538.1	subgenomic	1194	0	+	3	139789	140960		0
AJ626539.1	subgenomic	1215	0	+	4	139789	140959		0
AJ626540.1	subgenomic	1236	0	+	5	139789	140958		0
AJ626541.1	subgenomic	1152	0	+	1	139789	140958		0
AJ626542.1	subgenomic	1173	0	+	1	139789	140961		0
AJ626543.1	subgenomic	1194	0	+	2	139789	140960		0
AJ626544.1	subgenomic	1152	0	+	1	139789	140958		0
AJ626545.1	subgenomic	1236	0	+	3	139789	140958		0
AJ626546.1	subgenomic	1194	0	+	2	139789	140960		0
AJ626547.1	subgenomic	1173	0	+	1	139789	140961		0
AJ626548.1	subgenomic	1194	0	+	3	139789	140960		0
AJ626549.1	subgenomic	1215	0	+	4	139789	140959		0
AJ626550.1	subgenomic	1173	0	+	2	139789	140961		0
AJ626551.1	subgenomic	1214	0	+	4	139790	140960		0
AJ626552.1	subgenomic	1194	0	+	3	139801	140960		0
AJ626553.1	subgenomic	1215	0	+	4	139789	140959		0
AJ626554.1	subgenomic	1152	0	+	1	139789	140958		0
AJ626555.1	subgenomic	1173	0	+	2	139789	140961		0
AJ626556.1	subgenomic	1278	0	+	6	139789	140960		0
AY114170.2	subgenomic	231	0	+	1	65270	65474	UL30	37
AY120884.1	subgenomic	675	0	+	1	9338	9998		0
AY155225.1	subgenomic	1185	0	+	1	138423	139607		0
AY240232.1	subgenomic	1924	34	+	1	11524	13444	UL5	173
AY240233.1	subgenomic	1924	34	+	1	11524	13444	UL5	173
AY240234.1	subgenomic	1924	34	+	1	11524	13444	UL5	173
AY240235.1	subgenomic	1924	34	+	1	11524	13444	UL5	173
AY240236.1	subgenomic	1924	34	+	1	11524	13444	UL5	173
AY240237.1	subgenomic	1924	34	+	1	11524	13444	UL5	173
AY240238.1	subgenomic	1924	34	+	1	11524	13444	UL5	173
AY240239.1	subgenomic	1924	34	+	1	11524	13444	UL5	173
AY240240.1	subgenomic	1924	34	+	1	11524	13444	UL5	173
AY240241.1	subgenomic	1924	34	+	1	11524	13444	UL5	173
AY240242.1	subgenomic	1924	34	+	1	11524	13444	UL5	173
AY240243.1	subgenomic	1924	34	+	1	11524	13444	UL5	173
AY240244.1	subgenomic	1924	34	+	1	11524	13444	UL5	173
AY240245.1	subgenomic	1924	34	+	1	11524	13444	UL5	173
AY240246.1	subgenomic	1924	34	+	1	11524	13444	UL5	173
AY240247.1	subgenomic	1924	34	+	1	11524	13444	UL5	173
AY240248.1	subgenomic	1924	34	+	1	11524	13444	UL5	173
AY240249.1	subgenomic	1924	34	+	1	11524	13444	UL5	173
AY240250.1	subgenomic	1924	34	+	1	11524	13444	UL5	173
AY240251.1	subgenomic	1924	34	+	1	11524	13444	UL5	173
AY240252.1	subgenomic	1924	34	+	1	11524	13444	UL5	173
AY240253.1	subgenomic	1924	34	+	1	11524	13444	UL5	173
AY240254.1	subgenomic	1924	34	+	1	11524	13444	UL5	173
AY240255.1	subgenomic	1924	34	+	1	11524	13444	UL5	173
AY240256.1	subgenomic	1924	34	+	1	11524	13444	UL5	173
AY240257.1	subgenomic	1924	34	+	1	11524	13444	UL5	173
AY240258.1	subgenomic	1924	34	+	1	11524	13444	UL5	173
AY240259.1	subgenomic	1924	34	+	1	11524	13444	UL5	173
AY240260.1	subgenomic	1924	34	+	1	11524	13444	UL5	173
AY240261.1	subgenomic	1924	34	+	1	11524	13444	UL5	173
AY240262.1	subgenomic	1924	34	+	1	11524	13444	UL5	173
AY240263.1	subgenomic	1924	34	+	1	11524	13444	UL5	173
AY240264.1	subgenomic	1924	34	+	1	11524	13444	UL5	173
AY240265.1	subgenomic	1924	34	+	1	11524	13444	UL5	173
AY240266.1	subgenomic	1924	34	+	1	11524	13444	UL5	173
AY240267.1	subgenomic	1924	34	+	1	11524	13444	UL5	173
AY240268.1	subgenomic	1924	34	+	1	11524	13444	UL5	173
AY240269.1	subgenomic	1924	34	+	1	11524	13444	UL5	173
AY240270.1	subgenomic	1924	34	+	1	11524	13444	UL5	173
AY240271.1	subgenomic	1924	34	+	1	11524	13444	UL5	173
AY240272.1	subgenomic	1924	34	+	1	11524	13444	UL5	173
AY240273.1	subgenomic	1924	34	+	1	11524	13444	UL5	173
AY240274.1	subgenomic	1924	34	+	1	11524	13444	UL5	173
AY240275.1	subgenomic	1924	34	+	1	11524	13444	UL5	173
AY240276.1	subgenomic	1924	34	+	1	11524	13444	UL5	173
AY240277.1	subgenomic	1924	34	+	1	11524	13444	UL5	173
AY240278.1	subgenomic	1924	34	+	1	11524	13444	UL5	173
AY240279.1	subgenomic	1924	34	+	1	11524	13444	UL5	173
AY240280.1	subgenomic	1924	34	+	1	11524	13444	UL5	173
AY240281.1	subgenomic	1924	34	+	1	11524	13444	UL5	173
AY240282.1	subgenomic	1924	34	+	1	11524	13444	UL5	173
AY240283.1	subgenomic	1924	34	+	1	11524	13444	UL5	173
AY240284.1	subgenomic	1924	34	+	1	11524	13444	UL5	173
AY240285.1	subgenomic	1924	34	+	1	11524	13444	UL5	173
AY240286.1	subgenomic	1924	34	+	1	11524	13444	UL5	173
AY240287.1	subgenomic	1924	34	+	1	11524	13444	UL5	173
AY240288.1	subgenomic	1924	34	+	1	11524	13444	UL5	173
AY240289.1	subgenomic	1924	34	+	1	11524	13444	UL5	173
AY240290.1	subgenomic	1924	34	+	1	11524	13444	UL5	173
AY240291.1	subgenomic	1924	34	+	1	11524	13444	UL5	173
AY240292.1	subgenomic	1924	34	+	1	11524	13444	UL5	173
AY240293.1	subgenomic	1924	34	+	1	11524	13444	UL5	173
AY240294.1	subgenomic	1924	34	+	1	11524	13444	UL5	173
AY240295.1	subgenomic	1924	34	+	1	11524	13444	UL5	173
AY240296.1	subgenomic	1924	34	+	1	11524	13444	UL5	173
AY240297.1	subgenomic	1924	34	+	1	11524	13444	UL5	173
AY240298.1	subgenomic	1924	34	+	1	11524	13444	UL5	173
AY240299.1	subgenomic	1924	34	+	1	11524	13444	UL5	173
AY240300.1	subgenomic	1924	34	+	1	11524	13444	UL5	173
AY240301.1	subgenomic	1924	34	+	1	11524	13444	UL5	173
AY240302.1	subgenomic	1924	34	+	1	11524	13444	UL5	173
AY240303.1	subgenomic	1924	34	+	1	11524	13444	UL5	173
AY240304.1	subgenomic	1920	34	+	1	11524	13444	UL5	173
AY240305.1	subgenomic	1924	19	+	1	11524	13444	UL5	173
AY240306.1	subgenomic	1924	34	+	1	11524	13444	UL5	173
AY240307.1	subgenomic	1924	34	+	1	11524	13444	UL5	173
AY240308.1	subgenomic	1924	34	+	1	11524	13444	UL5	173
AY240309.1	subgenomic	1924	34	+	1	11524	13444	UL5	173
AY240310.1	subgenomic	1924	34	+	1	11524	13444	UL5	173
AY240311.1	subgenomic	1920	34	+	1	11524	13444	UL5	173
AY240312.1	subgenomic	1924	34	+	1	11524	13444	UL5	173
AY240313.1	subgenomic	1924	34	+	1	11524	13444	UL5	173
AY240314.1	subgenomic	1924	34	+	1	11524	13444	UL5	173
AY240315.1	subgenomic	1924	34	+	1	11524	13444	UL5	173
AY240316.1	subgenomic	1924	34	+	1	11524	13444	UL5	173
AY240317.1	subgenomic	1924	34	+	1	11524	13444	UL5	173
AY240318.1	subgenomic	1924	34	+	1	11524	13444	UL5	173
AY240319.1	subgenomic	1924	34	+	1	11524	13444	UL5	173
AY240320.1	subgenomic	1924	34	+	1	11524	13444	UL5	173
AY240321.1	subgenomic	1924	34	+	1	11524	13444	UL5	173
AY240322.1	subgenomic	1924	34	+	1	11524	13444	UL5	173
AY240323.1	subgenomic	1924	34	+	1	11524	13444	UL5	173
AY240324.1	subgenomic	1924	34	+	1	11524	13444	UL5	173
AY240325.1	subgenomic	1924	34	+	1	11524	13444	UL5	173
AY240326.1	subgenomic	1924	34	+	1	11524	13444	UL5	173
AY240327.1	subgenomic	1924	34	+	1	11524	13444	UL5	173
AY240328.1	subgenomic	1924	34	+	1	11524	13444	UL5	173
AY240329.1	subgenomic	1924	34	+	1	11524	13444	UL5	173
AY240330.1	subgenomic	1924	34	+	1	11524	13444	UL5	173
AY240331.1	subgenomic	1924	34	+	1	11524	13428	UL5	169
AY240332.1	subgenomic	1924	34	+	1	11524	13444	UL5	173
AY240333.1	subgenomic	1924	34	+	1	11524	13444	UL5	173
AY240334.1	subgenomic	1924	34	+	1	11524	13444	UL5	173
AY240335.1	subgenomic	1924	34	+	1	11524	13444	UL5	173
AY240336.1	subgenomic	1924	34	+	1	11524	13444	UL5	173
AY240337.1	subgenomic	1924	34	+	1	11524	13444	UL5	173
AY240338.1	subgenomic	1924	34	+	1	11524	13444	UL5	173
AY240339.1	subgenomic	1924	34	+	1	11524	13444	UL5	173
AY240340.1	subgenomic	1924	34	+	1	11524	13444	UL5	173
AY240341.1	subgenomic	1924	34	+	1	11524	13444	UL5	173
AY240342.1	subgenomic	1924	34	+	1	11524	13444	UL5	173
AY240343.1	subgenomic	1924	34	+	1	11524	13444	UL5	173
AY240344.1	subgenomic	1924	34	+	1	11524	13444	UL5	173
AY240345.1	subgenomic	1924	34	+	1	11524	13444	UL5	173
AY240346.1	subgenomic	1924	34	+	1	11524	13444	UL5	173
AY240347.1	subgenomic	1924	34	+	1	11524	13444	UL5	173
AY240348.1	subgenomic	1924	34	+	1	11524	13444	UL5	173
AY240349.1	subgenomic	1924	34	+	1	11524	13444	UL5	173
AY240350.1	subgenomic	1924	34	+	1	11524	13444	UL5	173
AY240351.1	subgenomic	1924	34	+	1	11524	13444	UL5	173
AY240352.1	subgenomic	1924	34	+	1	11524	13444	UL5	173
AY240353.1	subgenomic	1924	34	+	1	11524	13444	UL5	173
AY240354.1	subgenomic	1924	34	+	1	11524	13444	UL5	173
AY240355.1	subgenomic	1924	34	+	1	11524	13444	UL5	173
AY240356.1	subgenomic	1924	34	+	1	11524	13444	UL5	173
AY240357.1	subgenomic	1924	34	+	1	11524	13444	UL5	173
AY240358.1	subgenomic	1924	34	+	1	11524	13444	UL5	173
AY240359.1	subgenomic	1924	34	+	1	11524	13444	UL5	173
AY240360.1	subgenomic	1924	34	+	1	11524	13444	UL5	173
AY240361.1	subgenomic	1924	34	+	1	11524	13444	UL5	173
AY240362.1	subgenomic	1924	34	+	1	11524	13444	UL5	173
AY240363.1	subgenomic	1924	34	+	1	11524	13444	UL5	173
AY240364.1	subgenomic	1924	34	+	1	11524	13444	UL5	173
AY240365.1	subgenomic	1924	34	+	1	11524	13444	UL5	173
AY240366.1	subgenomic	1924	34	+	1	11524	13444	UL5	173
AY240367.1	subgenomic	1924	34	+	1	11524	13444	UL5	173
AY240368.1	subgenomic	1924	34	+	1	11524	13444	UL5	173
AY240369.1	subgenomic	1924	34	+	1	11524	13444	UL5	173
AY240370.1	subgenomic	1924	34	+	1	11524	13444	UL5	173
AY240371.1	subgenomic	1924	34	+	1	11524	13444	UL5	173
AY240372.1	subgenomic	1924	34	+	1	11524	13444	UL5	173
AY240373.1	subgenomic	1924	34	+	1	11524	13444	UL5	173
AY240374.1	subgenomic	1924	34	+	1	11524	13444	UL5	173
AY240375.1	subgenomic	1924	34	+	1	11524	13444	UL5	173
AY240376.1	subgenomic	1924	34	+	1	11524	13444	UL5	173
AY240377.1	subgenomic	1924	34	+	1	11524	13444	UL5	173
AY240378.1	subgenomic	1924	34	+	1	11524	13444	UL5	173
AY240379.1	subgenomic	1924	34	+	1	11524	13444	UL5	173
AY240380.1	subgenomic	1924	34	+	1	11524	13444	UL5	173
AY240381.1	subgenomic	1924	34	+	1	11524	13444	UL5	173
AY240382.1	subgenomic	1924	34	+	1	11524	13444	UL5	173
AY240383.1	subgenomic	1924	34	+	1	11524	13444	UL5	173
AY240384.1	subgenomic	1924	34	+	1	11524	13444	UL5	173
AY240385.1	subgenomic	1924	34	+	1	11524	13444	UL5	173
AY240386.1	subgenomic	1924	34	+	1	11524	13444	UL5	173
AY240387.1	subgenomic	1924	34	+	1	11524	13444	UL5	173
AY240388.1	subgenomic	1924	34	+	1	11524	13444	UL5	173
AY240389.1	subgenomic	1924	34	+	1	11524	13444	UL5	173
AY240390.1	subgenomic	1924	34	+	1	11524	13444	UL5	173
AY240391.1	subgenomic	1924	34	+	1	11524	13444	UL5	173
AY240392.1	subgenomic	1924	34	+	1	11524	13440	UL5	169
AY240393.1	subgenomic	1924	34	+	1	11524	13444	UL5	173
AY240394.1	subgenomic	1924	34	+	1	11524	13444	UL5	173
AY240395.1	subgenomic	1924	34	+	1	11524	13444	UL5	173
AY240396.1	subgenomic	1924	34	+	1	11524	13444	UL5	173
AY240397.1	subgenomic	1924	34	+	1	11524	13444	UL5	173
AY240398.1	subgenomic	1924	34	+	1	11524	13444	UL5	173
AY240399.1	subgenomic	1924	34	+	1	11524	13444	UL5	173
AY240400.1	subgenomic	1924	34	+	1	11524	13440	UL5	169
AY240401.1	subgenomic	1924	34	+	1	11524	13444	UL5	173
AY240402.1	subgenomic	1924	34	+	1	11524	13444	UL5	173
AY240403.1	subgenomic	1924	34	+	1	11524	13440	UL5	169
AY240404.1	subgenomic	1924	34	+	1	11524	13444	UL5	173
AY240405.1	subgenomic	1923	34	+	1	11524	13445	UL5	173
AY240406.1	subgenomic	1924	34	+	1	11524	13444	UL5	173
AY240407.1	subgenomic	1924	34	+	1	11524	13444	UL5	173
AY240408.1	subgenomic	1924	34	+	1	11524	13444	UL5	173
AY240409.1	subgenomic	1924	34	+	1	11524	13444	UL5	173
AY240410.1	subgenomic	1924	34	+	1	11524	13444	UL5	173
AY240411.1	subgenomic	1924	34	+	1	11524	13444	UL5	173
AY240412.1	subgenomic	1924	34	+	1	11524	13444	UL5	173
AY240413.1	subgenomic	1924	34	+	1	11524	13444	UL5	173
AY240414.1	subgenomic	1924	34	+	1	11524	13444	UL5	173
AY240415.1	subgenomic	1924	34	+	1	11524	13444	UL5	173
AY240416.1	subgenomic	1924	34	+	1	11524	13444	UL5	173
AY240417.1	subgenomic	1924	34	+	1	11524	13444	UL5	167
AY240418.1	subgenomic	1924	34	+	1	11524	13444	UL5	173
AY240419.1	subgenomic	1924	34	+	1	11524	13444	UL5	173
AY240420.1	subgenomic	1924	34	+	1	11524	13444	UL5	173
AY240421.1	subgenomic	1924	34	+	1	11524	13444	UL5	173
AY240422.1	subgenomic	1924	34	+	1	11524	13444	UL5	173
AY240423.1	subgenomic	1924	34	+	1	11524	13444	UL5	173
AY240424.1	subgenomic	1924	34	+	1	11524	13444	UL5	173
AY240425.1	subgenomic	1924	34	+	1	11524	13444	UL5	173
AY240426.1	subgenomic	1924	34	+	1	11524	13444	UL5	173
AY240427.1	subgenomic	1924	34	+	1	11524	13444	UL5	173
AY240428.1	subgenomic	1924	34	+	1	11536	13444	UL5	173
AY240429.1	subgenomic	1924	34	+	1	11524	13444	UL5	173
AY240430.1	subgenomic	1924	34	+	1	11536	13444	UL5	173
AY240431.1	subgenomic	1924	34	+	1	11524	13444	UL5	173
AY240432.1	subgenomic	1924	34	+	1	11524	13444	UL5	173
AY240433.1	subgenomic	1924	34	+	1	11524	13444	UL5	173
AY240434.1	subgenomic	1924	34	+	1	11524	13444	UL5	173
AY240435.1	subgenomic	1924	34	+	1	11524	13444	UL5	173
AY240436.1	subgenomic	2081	0	+	1	90024	92104		0
AY240437.1	subgenomic	2081	0	+	1	90024	92104		0
AY240438.1	subgenomic	2081	0	+	1	90024	92104		0
AY240439.1	subgenomic	2081	0	+	1	90024	92104		0
AY240440.1	subgenomic	2081	0	+	1	90024	92104		0
AY240441.1	subgenomic	2081	0	+	1	90024	92104		0
AY240442.1	subgenomic	2081	0	+	1	90024	92104		0
AY240443.1	subgenomic	2081	0	+	1	90024	92104		0
AY240444.1	subgenomic	2081	0	+	1	90024	92104		0
AY240445.1	subgenomic	2081	0	+	1	90024	92104		0
AY240446.1	subgenomic	2081	0	+	1	90024	92104		0
AY240447.1	subgenomic	2081	0	+	1	90024	92104		0
AY240448.1	subgenomic	2081	0	+	1	90024	92104		0
AY240449.1	subgenomic	2081	0	+	1	90024	92104		0
AY240450.1	subgenomic	2081	0	+	1	90024	92104		0
AY240451.1	subgenomic	2081	0	+	1	90024	92104		0
AY240452.1	subgenomic	2081	0	+	1	90024	92104		0
AY240453.1	subgenomic	2081	0	+	1	90024	92104		0
AY240454.1	subgenomic	2081	0	+	1	90024	92104		0
AY240455.1	subgenomic	2081	0	+	1	90024	92104		0
AY240456.1	subgenomic	2081	0	+	1	90024	92104		0
AY240457.1	subgenomic	2081	0	+	1	90024	92104		0
AY240458.1	subgenomic	2078	0	+	1	90024	92103		0
AY240459.1	subgenomic	2078	0	+	1	90024	92103		0
AY240460.1	subgenomic	2081	0	+	1	90024	92104		0
AY240461.1	subgenomic	2081	0	+	1	90024	92104		0
AY240462.1	subgenomic	2081	0	+	1	90024	92104		0
AY240463.1	subgenomic	2081	0	+	1	90024	92104		0
AY240464.1	subgenomic	2081	0	+	1	90024	92104		0
AY240465.1	subgenomic	2081	0	+	1	90024	92104		0
AY240466.1	subgenomic	2081	0	+	1	90024	92104		0
AY240467.1	subgenomic	2078	0	+	1	90024	92103		0
AY240468.1	subgenomic	2078	0	+	1	90024	92103		0
AY240469.1	subgenomic	2081	0	+	1	90024	92104		0
AY240470.1	subgenomic	2078	0	+	1	90024	92103		0
AY240471.1	subgenomic	2081	0	+	1	90024	92104		0
AY240472.1	subgenomic	2081	0	+	1	90024	92104		0
AY240473.1	subgenomic	2081	0	+	1	90024	92104		0
AY240474.1	subgenomic	2081	0	+	1	90024	92104		0
AY240475.1	subgenomic	2081	0	+	1	90024	92104		0
AY240476.1	subgenomic	2078	0	+	1	90024	92103		0
AY240477.1	subgenomic	2081	0	+	1	90024	92104		0
AY240478.1	subgenomic	2081	0	+	1	90024	92104		0
AY240479.1	subgenomic	2081	0	+	1	90024	92104		0
AY240480.1	subgenomic	2081	0	+	1	90024	92104		0
AY240481.1	subgenomic	2081	0	+	1	90024	92104		0
AY240482.1	subgenomic	2081	0	+	1	90040	92104		0
AY240483.1	subgenomic	2081	0	+	1	90024	92104		0
AY240484.1	subgenomic	2081	0	+	1	90024	92104		0
AY240485.1	subgenomic	2081	0	+	1	90024	92104		0
AY240486.1	subgenomic	2081	0	+	1	90024	92104		0
AY240487.1	subgenomic	2081	0	+	1	90024	92104		0
AY240488.1	subgenomic	2081	0	+	1	90024	92104		0
AY240489.1	subgenomic	2078	0	+	1	90024	92103		0
AY240490.1	subgenomic	2081	0	+	1	90024	92104		0
AY240491.1	subgenomic	2081	0	+	1	90024	92104		0
AY240492.1	subgenomic	2081	0	+	1	90024	92104		0
AY240493.1	subgenomic	2081	0	+	1	90024	92104		0
AY240494.1	subgenomic	2081	0	+	1	90024	92104		0
AY240495.1	subgenomic	2081	0	+	1	90024	92104		0
AY240496.1	subgenomic	2081	0	+	1	90024	92104		0
AY240497.1	subgenomic	2081	0	+	1	90024	92104		0
AY240498.1	subgenomic	2081	0	+	1	90024	92104		0
AY240499.1	subgenomic	2081	0	+	1	90024	92104		0
AY240500.1	subgenomic	2081	0	+	1	90024	92104		0
AY240501.1	subgenomic	2081	0	+	1	90024	92104		0
AY240502.1	subgenomic	2081	0	+	1	90024	92104		0
AY240503.1	subgenomic	2081	0	+	1	90024	92104		0
AY240504.1	subgenomic	2081	0	+	1	90024	92104		0
AY240505.1	subgenomic	2081	0	+	1	90024	92104		0
AY240506.1	subgenomic	2081	0	+	1	90024	92104		0
AY240507.1	subgenomic	2081	0	+	1	90024	92104		0
AY240508.1	subgenomic	2081	0	+	1	90024	92104		0
AY240509.1	subgenomic	2081	0	+	1	90024	92104		0
AY240510.1	subgenomic	2081	0	+	1	90024	92104		0
AY240511.1	subgenomic	2081	0	+	1	90024	92104		0
AY240512.1	subgenomic	2081	0	+	1	90024	92104		0
AY240513.1	subgenomic	2081	0	+	1	90024	92104		0
AY240514.1	subgenomic	2081	0	+	1	90024	92104		0
AY240515.1	subgenomic	2081	0	+	1	90024	92104		0
AY240516.1	subgenomic	2081	0	+	1	90024	92104		0
AY240517.1	subgenomic	2081	0	+	1	90024	92104		0
AY240518.1	subgenomic	2081	0	+	1	90024	92104		0
AY240519.1	subgenomic	2081	0	+	1	90024	92104		0
AY240520.1	subgenomic	2081	0	+	1	90024	92104		0
AY240521.1	subgenomic	2081	0	+	1	90024	92104		0
AY240522.1	subgenomic	2081	0	+	1	90024	92104		0
AY240523.1	subgenomic	2081	0	+	1	90024	92104		0
AY240524.1	subgenomic	2081	0	+	1	90024	92104		0
AY240525.1	subgenomic	2078	0	+	1	90024	92103		0
AY240526.1	subgenomic	2081	0	+	1	90024	92104		0
AY240527.1	subgenomic	2081	0	+	1	90024	92104		0
AY240528.1	subgenomic	2081	0	+	1	90024	92104		0
AY240529.1	subgenomic	2081	0	+	1	90024	92104		0
AY240530.1	subgenomic	2081	0	+	1	90024	92104		0
AY240531.1	subgenomic	2081	0	+	1	90024	92104		0
AY240532.1	subgenomic	2081	0	+	1	90024	92104		0
AY240533.1	subgenomic	2081	0	+	1	90024	92104		0
AY240534.1	subgenomic	2081	0	+	1	90024	92104		0
AY240535.1	subgenomic	2072	0	+	1	90024	92101		0
AY240536.1	subgenomic	2081	0	+	1	90024	92104		0
AY240537.1	subgenomic	2081	0	+	1	90024	92104		0
AY240538.1	subgenomic	2078	0	+	1	90024	92103		0
AY240539.1	subgenomic	2081	0	+	1	90024	92104		0
AY240540.1	subgenomic	2081	0	+	1	90024	92104		0
AY240541.1	subgenomic	2081	0	+	1	90024	92104		0
AY240542.1	subgenomic	2081	0	+	1	90024	92104		0
AY240543.1	subgenomic	2081	0	+	1	90024	92104		0
AY240544.1	subgenomic	2081	0	+	1	90024	92104		0
AY240545.1	subgenomic	2081	0	+	1	90024	92104		0
AY240546.1	subgenomic	2081	0	+	1	90024	92104		0
AY240547.1	subgenomic	2081	0	+	1	90024	92104		0
AY240548.1	subgenomic	2081	0	+	1	90024	92104		0
AY240549.1	subgenomic	2081	0	+	1	90024	92104		0
AY240550.1	subgenomic	2081	0	+	1	90024	92104		0
AY240551.1	subgenomic	2081	0	+	1	90024	92104		0
AY240552.1	subgenomic	2081	0	+	1	90024	92104		0
AY240553.1	subgenomic	2081	0	+	1	90024	92104		0
AY240554.1	subgenomic	2081	0	+	1	90024	92104		0
AY240555.1	subgenomic	2081	0	+	1	90024	92104		0
AY240556.1	subgenomic	2081	0	+	1	90024	92104		0
AY240557.1	subgenomic	2081	0	+	1	90024	92104		0
AY240558.1	subgenomic	2081	0	+	1	90024	92104		0
AY240559.1	subgenomic	2081	0	+	1	90024	92104		0
AY240560.1	subgenomic	2081	0	+	1	90024	92104		0
AY240561.1	subgenomic	2081	0	+	1	90024	92104		0
AY240562.1	subgenomic	2081	0	+	1	90024	92104		0
AY240563.1	subgenomic	2081	0	+	1	90024	92104		0
AY240564.1	subgenomic	2081	0	+	1	90024	92104		0
AY240565.1	subgenomic	2081	0	+	1	90024	92104		0
AY240566.1	subgenomic	2081	0	+	1	90024	92104		0
AY240567.1	subgenomic	2081	0	+	1	90024	92104		0
AY240568.1	subgenomic	2081	0	+	1	90024	92104		0
AY240569.1	subgenomic	2081	0	+	1	90024	92104		0
AY240570.1	subgenomic	2081	0	+	1	90024	92104		0
AY240571.1	subgenomic	2081	0	+	1	90024	92104		0
AY240572.1	subgenomic	2081	0	+	1	90024	92104		0
AY240573.1	subgenomic	2081	0	+	1	90024	92104		0
AY240574.1	subgenomic	2081	0	+	1	90024	92104		0
AY240575.1	subgenomic	2081	0	+	1	90024	92104		0
AY240576.1	subgenomic	2081	0	+	1	90024	92104		0
AY240577.1	subgenomic	2081	0	+	1	90024	92104		0
AY240578.1	subgenomic	2081	0	+	1	90024	92104		0
AY240579.1	subgenomic	2078	0	+	1	90024	92103		0
AY240580.1	subgenomic	2081	0	+	1	90024	92104		0
AY240581.1	subgenomic	2081	0	+	1	90024	92104		0
AY240582.1	subgenomic	2081	0	+	1	90024	92104		0
AY240583.1	subgenomic	2081	0	+	1	90024	92104		0
AY240584.1	subgenomic	2081	0	+	1	90024	92104		0
AY240585.1	subgenomic	2081	0	+	1	90024	92104		0
AY240586.1	subgenomic	2081	0	+	1	90024	92104		0
AY240587.1	subgenomic	2081	0	+	1	90024	92104		0
AY240588.1	subgenomic	2081	0	+	1	90024	92104		0
AY240589.1	subgenomic	2081	0	+	1	90024	92104		0
AY240590.1	subgenomic	2081	0	+	1	90024	92104		0
AY240591.1	subgenomic	2081	0	+	1	90024	92104		0
AY240592.1	subgenomic	2081	0	+	1	90024	92104		0
AY240593.1	subgenomic	2081	0	+	1	90024	92104		0
AY240594.1	subgenomic	2081	0	+	1	90024	92104		0
AY240595.1	subgenomic	2081	0	+	1	90024	92104		0
AY240596.1	subgenomic	2081	0	+	1	90024	92104		0
AY240597.1	subgenomic	2081	0	+	1	90024	92104		0
AY240598.1	subgenomic	2081	0	+	1	90024	92104		0
AY240599.1	subgenomic	2081	0	+	1	90024	92104		0
AY240600.1	subgenomic	2081	0	+	1	90024	92104		0
AY240601.1	subgenomic	2081	0	+	1	90024	92104		0
AY240602.1	subgenomic	2081	0	+	1	90024	92104		0
AY240603.1	subgenomic	2081	0	+	1	90024	92104		0
AY240604.1	subgenomic	2081	0	+	1	90024	92104		0
AY240605.1	subgenomic	2081	0	+	1	90024	92104		0
AY240606.1	subgenomic	2080	0	+	1	90024	92101		0
AY240607.1	subgenomic	2081	0	+	1	90024	92104		0
AY240608.1	subgenomic	2081	0	+	1	90024	92104		0
AY240609.1	subgenomic	2081	0	+	1	90024	92104		0
AY240610.1	subgenomic	2081	0	+	1	90024	92104		0
AY240611.1	subgenomic	2081	0	+	1	90024	92104		0
AY240612.1	subgenomic	2081	0	+	1	90024	92104		0
AY240613.1	subgenomic	2081	0	+	1	90024	92104		0
AY240614.1	subgenomic	2081	0	+	1	90024	92104		0
AY240615.1	subgenomic	2081	0	+	1	90024	92104		0
AY240616.1	subgenomic	2081	0	+	1	90024	92104		0
AY240617.1	subgenomic	2081	0	+	1	90024	92104		0
AY240618.1	subgenomic	2081	0	+	1	90024	92104		0
AY240619.1	subgenomic	2081	0	+	1	90024	92104		0
AY240620.1	subgenomic	2081	0	+	1	90024	92104		0
AY240621.1	subgenomic	2081	0	+	1	90024	92104		0
AY240622.1	subgenomic	2081	0	+	1	90024	92104		0
AY240623.1	subgenomic	2081	0	+	1	90024	92104		0
AY240624.1	subgenomic	2081	0	+	1	90024	92104		0
AY240625.1	subgenomic	2081	0	+	1	90024	92104		0
AY240626.1	subgenomic	2081	0	+	1	90024	92104		0
AY240627.1	subgenomic	2081	0	+	1	90024	92104		0
AY240628.1	subgenomic	2081	0	+	1	90024	92104		0
AY240629.1	subgenomic	2081	0	+	1	90024	92104		0
AY240630.1	subgenomic	2081	0	+	1	90024	92104		0
AY240631.1	subgenomic	2081	0	+	1	90024	92104		0
AY240632.1	subgenomic	2081	0	+	1	90024	92104		0
AY240633.1	subgenomic	2081	0	+	1	90024	92104		0
AY240634.1	subgenomic	2081	0	+	1	90024	92104		0
AY240635.1	subgenomic	2081	0	+	1	90024	92104		0
AY240636.1	subgenomic	2081	0	+	1	90024	92104		0
AY240637.1	subgenomic	2081	0	+	1	90024	92104		0
AY240638.1	subgenomic	2081	0	+	1	90024	92104		0
AY240639.1	subgenomic	2081	0	+	1	90024	92104		0
AY240640.1	subgenomic	2081	0	+	1	90024	92104		0
AY240641.1	subgenomic	2081	0	+	1	90024	92104		0
AY240642.1	subgenomic	2081	0	+	1	90024	92104		0
AY240643.1	subgenomic	2081	0	+	1	90024	92104		0
AY240644.1	subgenomic	2081	0	+	1	90024	92104		0
AY240645.1	subgenomic	2081	0	+	1	90024	92104		0
AY240646.1	subgenomic	1856	60	+	1	136680	138509		0
AY240647.1	subgenomic	1856	60	+	1	136680	138509		0
AY240648.1	subgenomic	1856	60	+	1	136680	138509		0
AY240649.1	subgenomic	1856	60	+	1	136680	138509		0
AY240650.1	subgenomic	1856	60	+	1	136680	138509		0
AY240651.1	subgenomic	1856	60	+	1	136680	138509		0
AY240652.1	subgenomic	1856	60	+	1	136680	138509		0
AY240653.1	subgenomic	1856	60	+	1	136680	138509		0
AY240654.1	subgenomic	1856	60	+	1	136680	138509		0
AY240655.1	subgenomic	1856	60	+	1	136680	138509		0
AY240656.1	subgenomic	1856	60	+	1	136680	138509		0
AY240657.1	subgenomic	1856	60	+	1	136680	138509		0
AY240658.1	subgenomic	1856	60	+	1	136680	138509		0
AY240659.1	subgenomic	1856	60	+	1	136680	138509		0
AY240660.1	subgenomic	1858	60	+	1	136680	138507		0
AY240661.1	subgenomic	1856	60	+	1	136680	138509		0
AY240662.1	subgenomic	1856	60	+	1	136680	138509		0
AY240663.1	subgenomic	1856	60	+	1	136680	138509		0
AY240664.1	subgenomic	1856	60	+	1	136680	138509		0
AY240665.1	subgenomic	1856	60	+	1	136680	138509		0
AY240666.1	subgenomic	1856	60	+	1	136680	138509		0
AY240667.1	subgenomic	1856	60	+	1	136680	138509		0
AY240668.1	subgenomic	1859	60	+	1	136680	138510		0
AY240669.1	subgenomic	1859	60	+	1	136680	138510		0
AY240670.1	subgenomic	1859	60	+	1	136680	138510		0
AY240671.1	subgenomic	1856	60	+	1	136680	138509		0
AY240672.1	subgenomic	1856	60	+	1	136680	138509		0
AY240673.1	subgenomic	1856	60	+	1	136680	138509		0
AY240674.1	subgenomic	1859	60	+	1	136680	138510		0
AY240675.1	subgenomic	1856	60	+	1	136680	138509		0
AY240676.1	subgenomic	1856	60	+	1	136680	138509		0
AY240677.1	subgenomic	1856	60	+	1	136680	138509		0
AY240678.1	subgenomic	1856	60	+	1	136680	138509		0
AY240679.1	subgenomic	1856	60	+	1	136680	138509		0
AY240680.1	subgenomic	1856	60	+	1	136680	138509		0
AY240681.1	subgenomic	1856	60	+	1	136680	138509		0
AY240682.1	subgenomic	1859	60	+	1	136680	138510		0
AY240683.1	subgenomic	1859	60	+	1	136680	138510		0
AY240684.1	subgenomic	1859	60	+	1	136680	138510		0
AY240685.1	subgenomic	1856	60	+	1	136680	138509		0
AY240686.1	subgenomic	1856	60	+	1	136680	138509		0
AY240687.1	subgenomic	1858	60	+	1	136680	138507		0
AY240688.1	subgenomic	1859	60	+	1	136680	138510		0
AY240689.1	subgenomic	1858	60	+	1	136680	138507		0
AY240690.1	subgenomic	1858	60	+	1	136680	138507		0
AY240691.1	subgenomic	1859	60	+	1	136680	138510		0
AY240692.1	subgenomic	1862	60	+	1	136680	138507		0
AY240693.1	subgenomic	1858	60	+	1	136680	138507		0
AY240694.1	subgenomic	1859	60	+	1	136680	138510		0
AY240695.1	subgenomic	1859	60	+	1	136680	138510		0
AY240696.1	subgenomic	1859	60	+	1	136680	138510		0
AY240697.1	subgenomic	1859	60	+	1	136680	138510		0
AY240698.1	subgenomic	1859	60	+	1	136680	138510		0
AY240699.1	subgenomic	1859	60	+	1	136680	138510		0
AY240700.1	subgenomic	1859	60	+	1	136680	138510		0
AY240701.1	subgenomic	1859	60	+	1	136680	138510		0
AY240702.1	subgenomic	1859	60	+	1	136680	138510		0
AY240703.1	subgenomic	1859	60	+	1	136680	138510		0
AY240704.1	subgenomic	1859	60	+	1	136680	138510		0
AY240705.1	subgenomic	1859	60	+	1	136680	138510		0
AY240706.1	subgenomic	1859	60	+	1	136680	138510		0
AY240707.1	subgenomic	1856	60	+	1	136680	138509		0
AY240708.1	subgenomic	1859	60	+	1	136680	138510		0
AY240709.1	subgenomic	1859	60	+	1	136680	138510		0
AY240710.1	subgenomic	1859	60	+	1	136680	138510		0
AY240711.1	subgenomic	1859	60	+	1	136680	138510		0
AY240712.1	subgenomic	1865	60	+	1	136680	138508		0
AY240713.1	subgenomic	1859	60	+	1	136680	138510		0
AY240714.1	subgenomic	1862	60	+	1	136680	138507		0
AY240715.1	subgenomic	1862	60	+	1	136680	138507		0
AY240716.1	subgenomic	1859	60	+	1	136680	138510		0
AY240717.1	subgenomic	1856	60	+	1	136680	138509		0
AY240718.1	subgenomic	1862	60	+	1	136680	138507		0
AY240719.1	subgenomic	1859	60	+	1	136724	138510		0
AY240720.1	subgenomic	1859	60	+	1	136680	138510		0
AY240721.1	subgenomic	1859	60	+	1	136724	138510		0
AY240722.1	subgenomic	1859	60	+	1	136680	138510		0
AY240723.1	subgenomic	1859	60	+	1	136680	138510		0
AY240724.1	subgenomic	1859	60	+	1	136680	138510		0
AY240725.1	subgenomic	1862	60	+	1	136680	138507		0
AY240726.1	subgenomic	1859	60	+	1	136724	138510		0
AY240727.1	subgenomic	1859	60	+	1	136680	138510		0
AY240728.1	subgenomic	1859	60	+	1	136680	138510		0
AY240729.1	subgenomic	1856	60	+	1	136680	138509		0
AY240730.1	subgenomic	1859	60	+	1	136680	138510		0
AY240731.1	subgenomic	1859	60	+	1	136680	138510		0
AY240732.1	subgenomic	1859	60	+	1	136680	138510		0
AY240733.1	subgenomic	1856	60	+	1	136680	138509		0
AY240734.1	subgenomic	1859	60	+	1	136680	138510		0
AY240735.1	subgenomic	1856	60	+	1	136680	138509		0
AY240736.1	subgenomic	1859	60	+	1	136680	138510		0
AY240737.1	subgenomic	1859	60	+	1	136680	138510		0
AY240738.1	subgenomic	1856	60	+	1	136680	138509		0
AY240739.1	subgenomic	1859	60	+	1	136680	138510		0
AY240740.1	subgenomic	1859	60	+	1	136680	138510		0
AY240741.1	subgenomic	1856	60	+	1	136680	138509		0
AY240742.1	subgenomic	1859	60	+	1	136680	138510		0
AY240743.1	subgenomic	1856	60	+	1	136680	138509		0
AY240744.1	subgenomic	1859	60	+	1	136680	138510		0
AY240745.1	subgenomic	1859	60	+	1	136680	138510		0
AY240746.1	subgenomic	1859	60	+	1	136680	138510		0
AY240747.1	subgenomic	1859	60	+	1	136680	138510		0
AY240748.1	subgenomic	1856	60	+	1	136680	138509		0
AY240749.1	subgenomic	1856	60	+	1	136680	138509		0
AY240750.1	subgenomic	1856	60	+	1	136680	138509		0
AY240751.1	subgenomic	1862	60	+	1	136688	138507		0
AY240752.1	subgenomic	1859	60	+	1	136680	138510		0
AY240753.1	subgenomic	1859	60	+	1	136680	138510		0
AY240754.1	subgenomic	1859	60	+	1	136724	138510		0
AY240755.1	subgenomic	1856	60	+	1	136680	138509		0
AY240756.1	subgenomic	1859	60	+	1	136724	138510		0
AY240757.1	subgenomic	1859	60	+	1	136680	138510		0
AY240758.1	subgenomic	1862	60	+	1	136680	138507		0
AY240759.1	subgenomic	1859	60	+	1	136680	138510		0
AY240760.1	subgenomic	1856	60	+	1	136680	138509		0
AY240761.1	subgenomic	1859	60	+	1	136680	138510		0
AY240762.1	subgenomic	1856	60	+	1	136680	138509		0
AY240763.1	subgenomic	1856	60	+	1	136680	138509		0
AY240764.1	subgenomic	1856	60	+	1	136680	138509		0
AY240765.1	subgenomic	1862	60	+	1	136680	138507		0
AY240766.1	subgenomic	1856	60	+	1	136680	138509		0
AY240767.1	subgenomic	1856	60	+	1	136680	138509		0
AY240768.1	subgenomic	1856	60	+	1	136680	138509		0
AY240769.1	subgenomic	1862	60	+	1	136680	138507		0
AY240770.1	subgenomic	1859	60	+	1	136680	138510		0
AY240771.1	subgenomic	1859	60	+	1	136680	138510		0
AY240772.1	subgenomic	1861	60	+	1	136680	138508		0
AY240773.1	subgenomic	1859	60	+	1	136680	138510		0
AY240774.1	subgenomic	1856	60	+	1	136680	138509		0
AY240775.1	subgenomic	1859	60	+	1	136680	138510		0
AY240776.1	subgenomic	1859	60	+	1	136680	138510		0
AY240777.1	subgenomic	1856	60	+	1	136680	138509		0
AY240778.1	subgenomic	1859	60	+	1	136680	138510		0
AY240779.1	subgenomic	1859	60	+	1	136680	138510		0
AY240780.1	subgenomic	1856	60	+	1	136680	138509		0
AY240781.1	subgenomic	1856	60	+	1	136680	138509		0
AY240782.1	subgenomic	1862	60	+	1	136680	138507		0
AY240783.1	subgenomic	1856	60	+	1	136680	138509		0
AY240784.1	subgenomic	1856	60	+	1	136680	138509		0
AY240785.1	subgenomic	1856	60	+	1	136680	138509		0
AY240786.1	subgenomic	1854	60	+	1	136680	138507		0
AY240787.1	subgenomic	1856	60	+	1	136680	138509		0
AY240788.1	subgenomic	1858	60	+	1	136681	138507		0
AY240789.1	subgenomic	1856	60	+	1	136668	138509		0
AY240790.1	subgenomic	1856	60	+	1	136668	138509		0
AY240791.1	subgenomic	1855	60	+	1	136692	138510		0
AY240792.1	subgenomic	1859	60	+	1	136680	138510		0
AY240793.1	subgenomic	1856	60	+	1	136668	138509		0
AY240794.1	subgenomic	1856	60	+	1	136668	138509		0
AY240795.1	subgenomic	1856	60	+	1	136680	138509		0
AY240796.1	subgenomic	1856	60	+	1	136680	138509		0
AY240797.1	subgenomic	1856	60	+	1	136680	138509		0
AY240798.1	subgenomic	1855	60	+	1	136680	138510		0
AY240799.1	subgenomic	1854	60	+	1	136680	138507		0
AY240800.1	subgenomic	1856	60	+	1	136680	138509		0
AY240801.1	subgenomic	1856	60	+	1	136668	138509		0
AY240802.1	subgenomic	1856	60	+	1	136680	138509		0
AY240803.1	subgenomic	1856	60	+	1	136680	138509		0
AY240804.1	subgenomic	1856	60	+	1	136680	138509		0
AY240805.1	subgenomic	1856	60	+	1	136668	138509		0
AY240806.1	subgenomic	1856	60	+	1	136680	138509		0
AY240807.1	subgenomic	1856	60	+	1	136680	138509		0
AY240808.1	subgenomic	1856	60	+	1	136680	138509		0
AY240809.1	subgenomic	1856	60	+	1	136680	138509		0
AY240810.1	subgenomic	1856	60	+	1	136680	138509		0
AY240811.1	subgenomic	1856	60	+	1	136668	138509		0
AY240812.1	subgenomic	1856	60	+	1	136680	138509		0
AY240813.1	subgenomic	1856	60	+	1	136680	138509		0
AY240814.1	subgenomic	1856	60	+	1	136668	138509		0
AY240815.1	subgenomic	1856	60	+	1	136680	138509		0
AY240816.1	subgenomic	1859	60	+	1	136680	138510		0
AY240817.1	subgenomic	1859	60	+	1	136680	138510		0
AY240818.1	subgenomic	1856	60	+	1	136680	138509		0
AY240819.1	subgenomic	1856	60	+	1	136680	138509		0
AY240820.1	subgenomic	1856	60	+	1	136668	138509		0
AY240821.1	subgenomic	1856	60	+	1	136680	138509		0
AY240822.1	subgenomic	1856	60	+	1	136680	138509		0
AY240823.1	subgenomic	1856	60	+	1	136668	138509		0
AY240824.1	subgenomic	1856	60	+	1	136728	138509		0
AY240825.1	subgenomic	1852	60	+	1	136680	138509		0
AY240826.1	subgenomic	1853	60	+	1	136680	138508		0
AY240827.1	subgenomic	1859	60	+	1	136680	138510		0
AY240828.1	subgenomic	1853	60	+	1	136680	138508		0
AY240829.1	subgenomic	1852	60	+	1	136680	138509		0
AY240830.1	subgenomic	1856	60	+	1	136680	138509		0
AY240831.1	subgenomic	1858	60	+	1	136680	138507		0
AY240832.1	subgenomic	1856	60	+	1	136680	138509		0
AY240833.1	subgenomic	1859	60	+	1	136680	138510		0
AY240834.1	subgenomic	1859	60	+	1	136680	138510		0
AY240835.1	subgenomic	1852	60	+	1	136680	138509		0
AY240836.1	subgenomic	1859	60	+	1	136680	138510		0
AY240837.1	subgenomic	1852	60	+	1	136680	138509		0
AY240838.1	subgenomic	1859	60	+	1	136680	138510		0
AY326452.1	subgenomic	1472	0	+	1	45056	46500		0
AY326453.1	subgenomic	502	0	+	1	48134	48634		0
AY344654.1	subgenomic	4180	0	+	3	131537	134895		0
AY426827.1	subgenomic	1131	0	-	1	46673	47785		0
AY426828.1	subgenomic	1131	0	-	1	46673	47785		0
AY575216.1	subgenomic	1131	0	-	1	46673	47801		0
AY575217.1	subgenomic	1131	0	-	1	46673	47801		0
AY575218.1	subgenomic	1131	0	-	1	46681	47777		0
AY575219.1	subgenomic	1132	0	-	1	46681	47776		0
AY575220.1	subgenomic	1131	0	-	1	46681	47785		0
AY575221.1	subgenomic	1132	0	-	1	46681	47784		0
AY575222.1	subgenomic	1130	0	-	1	46673	47786		0
AY575223.1	subgenomic	1131	0	-	1	46673	47785		0
AY575224.1	subgenomic	1131	0	-	1	46681	47785		0
AY575225.1	subgenomic	1131	0	-	1	46673	47777		0
AY575226.1	subgenomic	1130	0	-	1	46673	47778		0
AY575227.1	subgenomic	1132	0	-	1	46673	47800		0
AY575228.1	subgenomic	1131	0	-	1	46673	47801		0
AY575229.1	subgenomic	1132	0	-	1	46673	47800		0
AY575230.1	subgenomic	1131	0	-	1	46681	47785		0
AY575231.1	subgenomic	1130	0	-	1	46681	47786		0
AY575232.1	subgenomic	1131	0	-	1	46681	47785		0
AY575233.1	subgenomic	1131	0	-	1	46673	47801		0
AY575234.2	subgenomic	1131	0	-	1	46673	47801		0
AY575235.1	subgenomic	1131	0	-	1	46681	47785		0
AY575236.2	subgenomic	1132	0	-	1	46681	47784		0
AY602769.1	subgenomic	906	0	-	1	105487	106391		0
AY705985.1	subgenomic	178	0	-	1	65275	65451	UL30	30
AY730706.1	subgenomic	1155	0	+	1	10614	11769		0
AY832929.1	subgenomic	450	0	-	1	144766	145250		0
AY850638.1	subgenomic	1152	0	+	1	139789	140958		0
D00304.1	subgenomic	498	0	-	1	45610	46054		0
D00373.1	subgenomic	3164	0	+	1	8662	11821		0
DQ073426.1	subgenomic	1145	0	+	1	10629	11771		0
DQ889502.1	subgenomic	131774	300	+	22	9198	145672	RL2|UL19|UL29|UL30|UL5|UL52|UL54	4640
EF157309.1	subgenomic	2715	0	-	1	53081	55773		0
EF157310.1	subgenomic	2715	0	-	1	53081	55773		0
EF157311.1	subgenomic	2715	0	-	1	53081	55773		0
EF157312.1	subgenomic	1536	0	+	1	96312	97844		0
EF157313.1	subgenomic	1284	0	+	2	96312	97844		0
EF157314.1	subgenomic	1535	0	+	1	96312	97845		0
EF157315.1	subgenomic	1535	0	+	1	96312	97845		0
EF157316.1	subgenomic	2715	0	-	1	53081	55773		0
EF157317.1	subgenomic	1536	0	+	1	96312	97844		0
EF157318.1	subgenomic	1536	0	+	1	96312	97844		0
EF157319.1	subgenomic	1185	0	+	1	138423	139607		0
EF157320.1	subgenomic	1185	0	+	1	138423	139607		0
EF157321.1	subgenomic	1185	0	+	1	138423	139607		0
EF157322.1	subgenomic	1185	0	+	1	138423	139607		0
EF157323.1	subgenomic	1017	0	+	1	112180	113196	UL52	4
EF157324.1	subgenomic	1017	0	+	1	112180	113196	UL52	4
EF157325.1	subgenomic	1017	0	+	1	112180	113196	UL52	4
EF157326.1	subgenomic	1017	0	+	1	112180	113196	UL52	4
EF177450.1	subgenomic	1185	0	+	1	138423	139607		0
EF177451.1	subgenomic	1185	0	+	1	138423	139607		0
EF177452.1	subgenomic	2715	0	-	1	53081	55773		0
EF177453.1	subgenomic	2715	0	-	1	53081	55773		0
EF177454.1	subgenomic	2700	0	-	1	53081	55765		0
EF177455.1	subgenomic	2700	0	-	1	53081	55765		0
EF376300.1	subgenomic	126	0	+	1	136974	137098		0
EF376301.1	subgenomic	126	0	+	1	136978	137098		0
EF376302.1	subgenomic	129	0	+	1	136983	137067		0
EF376303.1	subgenomic	126	0	+	1	136978	137098		0
EF376304.1	subgenomic	120	0	+	1	137016	137068		0
EF376305.1	subgenomic	120	0	+	1	137016	137068		0
EF376306.1	subgenomic	126	0	+	1	136978	137066		0
EF376307.1	subgenomic	126	0	+	1	136978	137086		0
EF376308.1	subgenomic	129	0	+	1	136983	137067		0
EF376309.1	subgenomic	126	0	+	1	136978	137098		0
EF376310.1	subgenomic	126	0	+	1	136978	137098		0
EF376311.1	subgenomic	129	0	+	1	136983	137067		0
EF376312.1	subgenomic	126	0	+	1	136974	137098		0
EF376313.1	subgenomic	126	0	+	1	136978	137098		0
EF376314.1	subgenomic	129	0	+	1	136983	137067		0
EF376315.1	subgenomic	129	0	+	1	136983	137067		0
EF376316.1	subgenomic	129	0	+	1	136983	137067		0
EF376317.1	subgenomic	126	0	+	1	136978	137098		0
EF376318.1	subgenomic	126	0	+	1	136974	137098		0
EF376319.1	subgenomic	126	0	+	1	136978	137098		0
EF376320.1	subgenomic	126	0	+	1	136978	137066		0
EF376321.1	subgenomic	129	0	+	1	136983	137067		0
EF376322.1	subgenomic	129	0	+	1	136983	137067		0
EF376323.1	subgenomic	126	0	+	1	136978	137098		0
EF376324.1	subgenomic	129	0	+	1	136983	137067		0
EF376325.1	subgenomic	126	0	+	1	136978	137098		0
EF376326.1	subgenomic	126	0	+	1	136978	137098		0
EF376327.1	subgenomic	129	0	+	1	136983	137067		0
EF376328.1	subgenomic	126	0	+	1	136978	137098		0
EF376329.1	subgenomic	126	0	+	1	136974	137098		0
EF376330.1	subgenomic	126	0	+	1	136978	137098		0
EF376331.1	subgenomic	126	0	+	1	136978	137098		0
EF376332.1	subgenomic	129	0	+	1	136983	137067		0
EF376333.1	subgenomic	129	0	+	1	136983	137067		0
EF667506.1	subgenomic	298	0	+	1	146469	146763		0
EU003440.1	subgenomic	198	1	+	1	65333	65453	UL30	22
EU541360.1	subgenomic	1131	0	-	1	46677	47801		0
EU541361.1	subgenomic	1131	0	-	1	46681	47785		0
EU541362.1	subgenomic	1131	0	-	1	46681	47801		0
EU541363.1	subgenomic	1128	0	-	1	46681	47784		0
EU541364.1	subgenomic	1131	0	-	1	46677	47785		0
EU541365.1	subgenomic	1128	0	-	1	46677	47800		0
EU541366.1	subgenomic	1131	0	-	1	46677	47801		0
EU541367.1	subgenomic	1132	0	-	1	46677	47776		0
EU541368.1	subgenomic	1132	0	-	1	46677	47784		0
EU541369.1	subgenomic	1131	0	-	1	46677	47785		0
EU541370.1	subgenomic	1131	0	-	1	46677	47785		0
EU704683.1	subgenomic	3708	0	+	1	62807	66511	UL30	794
EU814922.1	subgenomic	1132	0	-	1	46684	47776		0
FJ455787.1	subgenomic	1194	0	+	3	139789	140960		0
FJ455788.1	subgenomic	1215	1	+	4	139789	140959		0
FJ455789.1	subgenomic	1077	0	+	1	139864	140961		0
FJ455790.1	subgenomic	1152	2	+	1	139789	140958		0
FJ455791.1	subgenomic	1161	1	+	5	139864	140961		0
FJ455792.1	subgenomic	1359	0	+	1	141247	142603		0
FJ455793.1	subgenomic	1359	0	+	1	141247	142603		0
FJ655092.1	subgenomic	1128	0	-	1	46681	47784		0
FJ655093.1	subgenomic	1131	0	-	1	46677	47801		0
FJ655094.1	subgenomic	1131	0	-	1	46681	47785		0
FJ655095.1	subgenomic	1131	0	-	1	46681	47785		0
FJ655096.1	subgenomic	1131	0	-	1	46681	47785		0
FJ655097.1	subgenomic	1130	0	-	1	46681	47786		0
FJ655098.1	subgenomic	1131	0	-	1	46681	47785		0
FJ655099.1	subgenomic	1128	0	-	1	46681	47784		0
FJ655100.1	subgenomic	1131	0	-	1	46677	47801		0
FJ655101.1	subgenomic	1131	0	-	1	46677	47801		0
FJ655102.1	subgenomic	1131	0	-	1	46677	47801		0
FJ655103.1	subgenomic	1131	0	-	1	46677	47801		0
FJ655104.1	subgenomic	1132	0	-	1	46677	47800		0
FJ655105.1	subgenomic	1131	0	-	1	46677	47801		0
FJ655106.1	subgenomic	1131	0	-	1	46681	47785		0
FJ655107.1	subgenomic	1131	0	-	1	46681	47785		0
FJ655108.1	subgenomic	1131	0	-	1	46677	47801		0
FJ655109.1	subgenomic	1131	0	-	1	46677	47801		0
FJ655110.1	subgenomic	1131	0	-	1	46677	47785		0
FJ655111.1	subgenomic	1130	0	-	1	46677	47786		0
FJ655112.1	subgenomic	1131	0	-	1	46677	47777		0
FJ655113.1	subgenomic	1131	0	-	1	46677	47801		0
FJ655114.1	subgenomic	1132	0	-	1	46677	47800		0
FJ655115.1	subgenomic	1130	0	-	1	46677	47781		0
FJ655116.1	subgenomic	1130	0	-	1	46677	47802		0
FJ655117.1	subgenomic	1131	0	-	1	46677	47801		0
FJ655118.1	subgenomic	1131	0	-	1	46677	47801		0
FJ655119.1	subgenomic	1131	0	-	1	46677	47801		0
FJ655120.1	subgenomic	1131	0	-	1	46677	47801		0
FJ655121.1	subgenomic	1131	0	-	1	46677	47801		0
FJ655122.1	subgenomic	1131	0	-	1	46677	47801		0
FJ655123.1	subgenomic	1131	0	-	1	46677	47801		0
FJ655124.1	subgenomic	1132	0	-	1	46677	47800		0
FJ655125.1	subgenomic	1130	0	-	1	46677	47802		0
FJ655126.1	subgenomic	1132	0	-	1	46677	47800		0
FJ655127.1	subgenomic	1132	0	-	1	46677	47800		0
FJ655128.1	subgenomic	1131	0	-	1	46677	47801		0
FJ655129.1	subgenomic	1131	0	-	1	46677	47801		0
FJ655130.1	subgenomic	1131	0	-	1	46677	47801		0
FJ655131.1	subgenomic	1131	0	-	1	46677	47801		0
FJ655132.1	subgenomic	1131	0	-	1	46677	47801		0
FJ655133.1	subgenomic	1131	0	-	1	46677	47801		0
FJ655134.1	subgenomic	1131	0	-	1	46677	47801		0
FJ655135.1	subgenomic	1131	0	-	1	46677	47801		0
FJ655136.1	subgenomic	1132	0	-	1	46677	47800		0
FJ655137.1	subgenomic	1132	0	-	1	46677	47800		0
FJ655138.1	subgenomic	1130	0	-	1	46677	47802		0
FJ655139.1	subgenomic	1132	0	-	1	46677	47800		0
FJ655140.1	subgenomic	1131	0	-	1	46677	47801		0
FJ655141.1	subgenomic	1131	0	-	1	46677	47801		0
FJ655142.1	subgenomic	1131	0	-	1	46677	47801		0
FJ655143.1	subgenomic	1131	0	-	1	46677	47785		0
FJ655144.1	subgenomic	1131	0	-	1	46677	47785		0
FJ655145.1	subgenomic	1131	0	-	1	46677	47785		0
FJ655146.1	subgenomic	1132	0	-	1	46677	47784		0
FJ655147.1	subgenomic	1132	0	-	1	46677	47784		0
FJ655148.1	subgenomic	1131	0	-	1	46677	47785		0
FJ655149.1	subgenomic	1130	0	-	1	46686	47786		0
FJ655150.1	subgenomic	1130	0	-	1	46677	47786		0
FJ655151.1	subgenomic	1131	0	-	1	46677	47785		0
FJ655152.1	subgenomic	1131	0	-	1	46677	47785		0
FJ655153.1	subgenomic	1130	0	-	1	46677	47786		0
FJ655154.1	subgenomic	1131	0	-	1	46677	47785		0
FJ655155.1	subgenomic	1128	0	-	1	46681	47784		0
FJ655156.1	subgenomic	1131	0	-	1	46677	47785		0
FJ655157.1	subgenomic	1131	0	-	1	46677	47777		0
FJ655158.1	subgenomic	1130	0	-	1	46677	47778		0
FJ655159.1	subgenomic	1132	0	-	1	46677	47776		0
FJ655160.1	subgenomic	1131	0	-	1	46677	47777		0
FJ655161.1	subgenomic	1130	0	-	1	46677	47778		0
FJ655162.1	subgenomic	1131	0	-	1	46677	47777		0
FJ711161.1	subgenomic	2112	0	-	1	31399	33495		0
GQ386863.1	subgenomic	1539	0	+	1	113735	115271	UL54	371
GQ898899.1	subgenomic	3748	200	+	4	136755	142895		0
GQ898900.1	subgenomic	3721	200	+	3	136755	142898		0
GQ898901.1	subgenomic	3742	200	+	4	136755	142897		0
GQ999614.1	subgenomic	459	0	-	1	144766	145249		0
GU049668.1	subgenomic	822	0	-	1	105571	106391		0
GU049669.1	subgenomic	1398	0	+	1	84531	85927		0
GU049670.1	subgenomic	957	0	-	1	35096	36052		0
GU479980.1	subgenomic	660	0	-	1	28257	28913		0
HM188403.1	subgenomic	971	0	+	1	142734	143702		0
HM584913.1	subgenomic	1557	0	-	1	26947	28503		0
HQ123046.1	subgenomic	1131	0	-	1	46673	47777		0
HQ123047.1	subgenomic	1131	0	-	1	46673	47801		0
HQ123048.1	subgenomic	1131	0	-	1	46673	47801		0
HQ123049.1	subgenomic	1131	0	-	1	46673	47801		0
HQ123050.1	subgenomic	1131	0	-	1	46673	47777		0
HQ123051.1	subgenomic	1131	0	-	1	46681	47801		0
HQ123052.1	subgenomic	1131	0	-	1	46673	47801		0
HQ123053.1	subgenomic	1131	0	-	1	46673	47785		0
HQ123054.1	subgenomic	1131	0	-	1	46673	47769		0
HQ123055.1	subgenomic	1131	0	-	1	46673	47801		0
HQ123056.1	subgenomic	1131	0	-	1	46673	47785		0
HQ123057.1	subgenomic	1131	0	-	1	46673	47801		0
HQ123058.1	subgenomic	1131	0	-	1	46673	47801		0
HQ123059.1	subgenomic	1131	0	-	1	46673	47801		0
HQ123060.1	subgenomic	1131	0	-	1	46673	47801		0
HQ123061.1	subgenomic	1131	0	-	1	46681	47785		0
HQ123062.1	subgenomic	1131	0	-	1	46673	47777		0
HQ123088.1	subgenomic	3708	0	+	1	62807	66511	UL30	794
HQ123089.1	subgenomic	3708	1	+	1	62807	66511	UL30	778
HQ123090.1	subgenomic	3708	0	+	1	62807	66511	UL30	794
HQ123091.1	subgenomic	3708	0	+	1	62807	66511	UL30	794
HQ123092.1	subgenomic	3708	0	+	1	62807	66511	UL30	794
HQ123093.1	subgenomic	3708	0	+	1	62827	66511	UL30	791
HQ123094.1	subgenomic	3708	0	+	1	62807	66511	UL30	794
HQ123095.1	subgenomic	3708	1	+	1	62807	66511	UL30	787
HQ123096.1	subgenomic	3708	0	+	1	62807	66511	UL30	794
HQ123097.1	subgenomic	3708	0	+	1	62807	66511	UL30	794
HQ123098.1	subgenomic	3708	0	+	1	62807	66511	UL30	794
HQ123099.1	subgenomic	3708	0	+	1	62807	66511	UL30	794
HQ123100.1	subgenomic	3708	0	+	1	62807	66511	UL30	794
HQ123101.1	subgenomic	3708	0	+	1	62827	66511	UL30	791
HQ123102.1	subgenomic	3708	0	+	1	62807	66511	UL30	789
HQ123103.1	subgenomic	3708	0	+	1	62807	66511	UL30	794
HQ123104.1	subgenomic	3708	0	+	1	62807	66511	UL30	794
HQ123144.1	subgenomic	3708	0	+	1	62807	66511	UL30	794
HQ123145.1	subgenomic	3708	0	+	1	62807	66511	UL30	794
HQ123146.1	subgenomic	3708	0	+	1	62807	66511	UL30	794
HQ123147.1	subgenomic	3708	0	+	1	62807	66511	UL30	794
HQ123148.1	subgenomic	3708	0	+	1	62807	66511	UL30	794
HQ123149.1	subgenomic	3708	0	+	1	62827	66491	UL30	791
HQ123150.1	subgenomic	3708	0	+	1	62807	66483	UL30	794
HQ123151.1	subgenomic	3708	0	+	1	62807	66511	UL30	794
HQ123152.1	subgenomic	3708	0	+	1	62827	66511	UL30	791
HQ123153.1	subgenomic	3708	0	+	1	62807	66511	UL30	794
HQ123154.1	subgenomic	1131	1	-	1	46673	47785		0
HQ123155.1	subgenomic	1131	0	-	1	46673	47785		0
HQ123156.1	subgenomic	1131	0	-	1	46673	47801		0
HQ123157.1	subgenomic	1130	0	-	1	46673	47802		0
HQ123158.1	subgenomic	1130	0	-	1	46681	47802		0
HQ123159.1	subgenomic	1132	0	-	1	46681	47800		0
HQ123160.1	subgenomic	1132	0	-	1	46673	47800		0
HQ123161.1	subgenomic	1132	0	-	1	46673	47800		0
HQ123162.1	subgenomic	1132	0	-	1	46673	47800		0
HQ123163.1	subgenomic	1131	1	-	1	46673	47801		0
HQ123178.1	subgenomic	1131	0	-	1	46673	47801		0
HQ123179.1	subgenomic	3708	0	+	1	62827	66511	UL30	791
HQ223416.1	subgenomic	210	0	+	1	138264	138424		0
HQ667768.1	subgenomic	1131	0	-	1	46673	47801		0
HQ667769.1	subgenomic	1131	0	-	1	46677	47801		0
HQ667770.1	subgenomic	1131	0	-	1	46677	47801		0
HQ667771.1	subgenomic	1131	0	-	1	46673	47801		0
HQ667772.1	subgenomic	1131	0	-	1	46677	47801		0
HQ667773.1	subgenomic	1131	0	-	1	46673	47801		0
HQ667774.1	subgenomic	1131	0	-	1	46673	47801		0
HQ667775.1	subgenomic	1131	0	-	1	46677	47801		0
HQ667776.1	subgenomic	1131	0	-	1	46673	47801		0
HQ667777.1	subgenomic	1131	0	-	1	46677	47801		0
HQ667778.1	subgenomic	1131	0	-	1	46673	47801		0
HQ667779.1	subgenomic	1131	0	-	1	46673	47801		0
HQ667780.1	subgenomic	1131	0	-	1	46673	47801		0
HQ667781.1	subgenomic	1131	0	-	1	46673	47801		0
HQ667782.1	subgenomic	1131	0	-	1	46673	47801		0
HQ685966.1	subgenomic	1131	0	-	1	46673	47801		0
HQ685967.1	subgenomic	1131	0	-	1	46673	47801		0
HQ685968.1	subgenomic	1131	0	-	1	46673	47801		0
HQ685969.1	subgenomic	1131	0	-	1	46673	47801		0
HQ685970.1	subgenomic	1131	0	-	1	46677	47801		0
HQ685971.1	subgenomic	1131	0	-	1	46673	47801		0
HQ685972.1	subgenomic	1131	0	-	1	46677	47801		0
HQ685973.1	subgenomic	1131	0	-	1	46677	47801		0
HQ685974.1	subgenomic	1131	0	-	1	46673	47801		0
HQ685975.1	subgenomic	1131	0	-	1	46677	47801		0
HQ685976.1	subgenomic	1131	0	-	1	46673	47801		0
HQ685977.1	subgenomic	1131	0	-	1	46677	47801		0
HQ685978.1	subgenomic	1131	0	-	1	46673	47801		0
HQ685979.1	subgenomic	1131	0	-	1	46673	47801		0
HQ685980.1	subgenomic	1131	0	-	1	46677	47801		0
HQ685981.1	subgenomic	1131	0	-	1	46677	47801		0
HQ685982.1	subgenomic	1131	0	-	1	46673	47801		0
HQ685983.1	subgenomic	1131	0	-	1	46673	47801		0
HQ685984.1	subgenomic	1131	0	-	1	46677	47801		0
HQ685985.1	subgenomic	1131	0	-	1	46677	47801		0
HQ685986.1	subgenomic	1131	0	-	1	46677	47801		0
HQ685987.1	subgenomic	1131	0	-	1	46673	47801		0
HQ685988.1	subgenomic	1131	0	-	1	46677	47801		0
HQ685989.1	subgenomic	1131	0	-	1	46677	47801		0
HQ685990.1	subgenomic	1131	0	-	1	46677	47801		0
HQ685991.1	subgenomic	1131	0	-	1	46677	47801		0
HQ685992.1	subgenomic	1131	0	-	1	46677	47801		0
HQ685993.1	subgenomic	1131	0	-	1	46673	47801		0
HQ685994.1	subgenomic	1131	0	-	1	46673	47801		0
HQ685995.1	subgenomic	1131	0	-	1	46673	47801		0
HQ685996.1	subgenomic	1131	0	-	1	46673	47801		0
HQ685997.2	subgenomic	1189	0	-	1	46615	47803		0
HQ685998.2	subgenomic	1190	0	-	1	46614	47802		0
HQ685999.2	subgenomic	1190	0	-	1	46614	47802		0
HQ686000.2	subgenomic	1191	0	-	1	46617	47801		0
HQ686001.2	subgenomic	1189	0	-	1	46615	47803		0
HQ686002.1	subgenomic	1131	0	-	1	46677	47801		0
HQ686003.1	subgenomic	1131	0	-	1	46677	47801		0
HQ686004.1	subgenomic	1131	0	-	1	46673	47801		0
HQ686005.1	subgenomic	1131	0	-	1	46677	47801		0
HQ686006.1	subgenomic	1131	0	-	1	46673	47801		0
HQ686007.1	subgenomic	1131	0	-	1	46677	47801		0
HQ686008.1	subgenomic	1131	0	-	1	46677	47801		0
HQ686009.1	subgenomic	1131	0	-	1	46677	47801		0
HQ686010.1	subgenomic	1131	0	-	1	46673	47801		0
HQ686011.1	subgenomic	1131	0	-	1	46673	47801		0
HQ686012.1	subgenomic	1132	0	-	1	46672	47800		0
HQ686013.1	subgenomic	1132	0	-	1	46672	47800		0
HQ686014.1	subgenomic	1131	0	-	1	46677	47801		0
HQ686015.1	subgenomic	1132	0	-	1	46672	47800		0
HQ686016.1	subgenomic	1131	0	-	1	46672	47801		0
HQ686017.1	subgenomic	1130	0	-	1	46677	47802		0
HQ686018.1	subgenomic	1132	0	-	1	46672	47800		0
HQ686019.1	subgenomic	1131	0	-	1	46677	47801		0
HQ686020.1	subgenomic	1132	0	-	1	46672	47800		0
HQ686021.1	subgenomic	1132	0	-	1	46672	47800		0
HQ686022.1	subgenomic	1131	0	-	1	46673	47801		0
HQ686023.1	subgenomic	1131	0	-	1	46673	47801		0
HQ686024.1	subgenomic	1131	0	-	1	46673	47801		0
HQ686025.1	subgenomic	1131	0	-	1	46673	47801		0
HQ686026.1	subgenomic	1131	0	-	1	46673	47801		0
HQ686027.1	subgenomic	1131	0	-	1	46673	47801		0
HQ686028.1	subgenomic	1131	0	-	1	46673	47801		0
HQ686029.1	subgenomic	1131	0	-	1	46673	47801		0
HQ686030.1	subgenomic	1131	0	-	1	46677	47801		0
HQ686031.1	subgenomic	1131	0	-	1	46673	47801		0
HQ686032.1	subgenomic	1131	0	-	1	46673	47801		0
HQ686033.1	subgenomic	1131	0	-	1	46673	47801		0
HQ686034.1	subgenomic	1131	0	-	1	46673	47801		0
HQ686035.1	subgenomic	1131	0	-	1	46673	47801		0
HQ686036.1	subgenomic	1131	0	-	1	46673	47801		0
HQ686037.1	subgenomic	1131	0	-	1	46673	47801		0
HQ686038.1	subgenomic	1131	0	-	1	46673	47801		0
HQ707581.1	subgenomic	1131	0	-	1	46681	47785		0
HQ707582.1	subgenomic	1131	0	-	1	46681	47785		0
HQ707583.1	subgenomic	1131	0	-	1	46681	47785		0
HQ707584.1	subgenomic	1131	0	-	1	46681	47785		0
HQ707585.1	subgenomic	1130	0	-	1	46681	47786		0
HQ707586.1	subgenomic	1131	0	-	1	46681	47785		0
HQ707587.1	subgenomic	1131	0	-	1	46677	47801		0
HQ707588.1	subgenomic	1131	0	-	1	46677	47801		0
HQ707589.1	subgenomic	1131	0	-	1	46677	47801		0
HQ707590.1	subgenomic	1131	0	-	1	46677	47801		0
HQ707591.1	subgenomic	1131	0	-	1	46677	47801		0
HQ707592.1	subgenomic	1131	0	-	1	46677	47801		0
HQ707593.1	subgenomic	1131	0	-	1	46677	47801		0
HQ707594.1	subgenomic	1131	0	-	1	46677	47801		0
HQ707595.1	subgenomic	1131	0	-	1	46677	47801		0
HQ707596.1	subgenomic	1131	0	-	1	46677	47801		0
HQ707597.1	subgenomic	1131	0	-	1	46677	47801		0
HQ707598.1	subgenomic	1131	0	-	1	46677	47801		0
HQ707599.1	subgenomic	1131	0	-	1	46677	47801		0
HQ707600.1	subgenomic	1131	0	-	1	46701	47801		0
HQ707601.1	subgenomic	1131	0	-	1	46677	47801		0
HQ707602.1	subgenomic	1131	0	-	1	46677	47801		0
HQ707603.1	subgenomic	1131	0	-	1	46677	47801		0
HQ707604.1	subgenomic	1131	0	-	1	46677	47801		0
HQ707605.1	subgenomic	1131	0	-	1	46677	47801		0
HQ707606.1	subgenomic	1131	0	-	1	46677	47801		0
HQ707607.1	subgenomic	1131	0	-	1	46677	47801		0
HQ707608.1	subgenomic	1131	0	-	1	46677	47801		0
HQ707609.1	subgenomic	1131	0	-	1	46677	47801		0
HQ707610.1	subgenomic	1131	0	-	1	46681	47785		0
HQ707611.1	subgenomic	1131	0	-	1	46681	47785		0
HQ707612.1	subgenomic	1131	0	-	1	46681	47785		0
HQ707613.1	subgenomic	1131	0	-	1	46681	47785		0
HQ707614.1	subgenomic	1131	0	-	1	46681	47785		0
HQ707615.1	subgenomic	1131	0	-	1	46681	47785		0
HQ707616.1	subgenomic	1131	0	-	1	46681	47785		0
HQ707617.1	subgenomic	1131	0	-	1	46681	47785		0
HQ707618.1	subgenomic	1131	0	-	1	46681	47785		0
HQ707619.1	subgenomic	1131	0	-	1	46681	47785		0
HQ707620.1	subgenomic	1131	0	-	1	46685	47785		0
HQ707621.1	subgenomic	1131	0	-	1	46677	47801		0
HQ707622.1	subgenomic	1131	0	-	1	46677	47801		0
HQ707623.1	subgenomic	1131	0	-	1	46677	47801		0
HQ707624.1	subgenomic	1131	0	-	1	46677	47801		0
HQ707625.1	subgenomic	1131	0	-	1	46677	47801		0
HQ707626.1	subgenomic	1131	0	-	1	46677	47801		0
HQ707627.1	subgenomic	1131	0	-	1	46677	47801		0
HQ707628.1	subgenomic	1131	0	-	1	46677	47801		0
HQ707629.1	subgenomic	1131	0	-	1	46677	47801		0
HQ707630.1	subgenomic	1131	0	-	1	46677	47801		0
HQ707631.1	subgenomic	1131	0	-	1	46677	47801		0
HQ707632.1	subgenomic	1131	0	-	1	46677	47801		0
HQ707633.1	subgenomic	1131	0	-	1	46677	47801		0
HQ707634.1	subgenomic	1131	0	-	1	46677	47801		0
HQ707635.1	subgenomic	1131	0	-	1	46677	47801		0
HQ707636.1	subgenomic	1131	0	-	1	46677	47801		0
HQ707637.1	subgenomic	1131	0	-	1	46677	47801		0
HQ707638.1	subgenomic	1131	0	-	1	46677	47801		0
HQ707639.1	subgenomic	1131	0	-	1	46677	47801		0
HQ707640.1	subgenomic	1131	0	-	1	46677	47801		0
HQ707641.1	subgenomic	1131	0	-	1	46677	47801		0
HQ707642.1	subgenomic	1131	0	-	1	46677	47801		0
HQ707643.1	subgenomic	1131	0	-	1	46677	47801		0
HQ833203.1	subgenomic	738	0	+	1	136726	137446		0
J02209.1	subgenomic	499	0	+	1	1789	2281	RL2	0
J02210.1	subgenomic	522	0	+	1	113323	113835	UL54	11
J02211.1	subgenomic	515	0	+	1	146451	146943		0
J02212.1	subgenomic	1550	0	+	1	89471	91020		0
J02213.1	subgenomic	720	0	-	1	106523	107237		0
J02214.1	subgenomic	267	0	+	1	90952	91138		0
J02216.1	subgenomic	2697	0	+	1	96048	98745		0
J02217.1	subgenomic	1608	0	+	1	138210	139763		0
J02218.1	subgenomic	400	0	+	1	146394	146792		0
J02220.1	subgenomic	2560	0	+	4	131537	132606		0
J02223.1	subgenomic	1303	0	+	3	125784	126790		0
J02224.1	subgenomic	2403	0	-	1	45939	48309		0
J03366.1	subgenomic	360	0	-	1	47152	47508		0
J04323.1	subgenomic	3083	0	+	1	118571	121658	RL2	197
J04327.1	subgenomic	1606	0	-	1	46527	48131		0
JF511469.1	subgenomic	1263	0	+	1	132647	133907		0
JF511470.1	subgenomic	1263	0	+	1	132647	133907		0
JF511471.1	subgenomic	1263	0	+	1	132647	133883		0
JF511472.1	subgenomic	1263	0	+	1	132647	133899		0
JF511473.1	subgenomic	1263	0	+	1	132647	133907		0
JF511474.1	subgenomic	1263	0	+	1	132647	133907		0
JF511475.1	subgenomic	1263	0	+	1	132647	133907		0
JF810770.1	subgenomic	1467	0	+	1	93112	94576		0
JF810771.1	subgenomic	1467	0	+	1	93112	94576		0
JF810772.1	subgenomic	1467	0	+	1	93112	94576		0
JF810773.1	subgenomic	1467	0	+	1	93112	94576		0
JF810774.1	subgenomic	1467	0	+	1	93112	94576		0
JF810775.1	subgenomic	1467	0	+	1	93112	94576		0
JF810776.1	subgenomic	1467	0	+	1	93112	94576		0
JF810777.1	subgenomic	1467	0	+	1	93112	94576		0
JF810778.1	subgenomic	1467	0	+	1	93112	94576		0
JF810779.1	subgenomic	1466	0	+	1	93112	94577		0
JF810780.1	subgenomic	1467	0	+	1	93112	94576		0
JF810781.1	subgenomic	1467	0	+	1	93112	94576		0
JF810782.1	subgenomic	1467	0	+	1	93112	94576		0
JF810783.1	subgenomic	1467	0	+	1	93112	94576		0
JF810784.1	subgenomic	1467	0	+	1	93112	94576		0
JF810785.1	subgenomic	1467	0	+	1	93112	94576		0
JF810786.1	subgenomic	1467	0	+	1	93112	94576		0
JF810787.1	subgenomic	1467	0	+	1	93112	94576		0
JF810788.1	subgenomic	1467	0	+	1	93112	94576		0
JF810789.1	subgenomic	1467	0	+	1	93112	94576		0
JF810790.1	subgenomic	1467	0	+	1	93112	94576		0
JF810791.1	subgenomic	1467	0	+	1	93112	94576		0
JF810792.1	subgenomic	1467	0	+	1	93112	94576		0
JF810793.1	subgenomic	1467	0	+	1	93112	94576		0
JF810794.1	subgenomic	1467	0	+	1	93112	94576		0
JF810795.1	subgenomic	1467	0	+	1	93112	94576		0
JF810796.1	subgenomic	1467	0	+	1	93112	94576		0
JF810797.1	subgenomic	1467	0	+	1	93112	94576		0
JF810798.1	subgenomic	1467	0	+	1	93112	94576		0
JF810799.1	subgenomic	1467	0	+	1	93112	94576		0
JF810800.1	subgenomic	1467	0	+	1	93112	94576		0
JF810801.1	subgenomic	1467	0	+	1	93112	94576		0
JF810802.1	subgenomic	1467	0	+	1	93112	94576		0
JF810803.1	subgenomic	1467	0	+	1	93112	94576		0
JF810804.1	subgenomic	1467	0	+	1	93112	94576		0
JF810805.1	subgenomic	1467	0	+	1	93128	94576		0
JF810806.1	subgenomic	1467	0	+	1	93112	94576		0
JF810807.1	subgenomic	1467	0	+	1	93112	94576		0
JF810808.1	subgenomic	1467	0	+	1	93112	94576		0
JF810809.1	subgenomic	1467	0	+	1	93112	94576		0
JF810810.1	subgenomic	1467	0	+	1	93112	94576		0
JF810811.1	subgenomic	1466	0	+	1	93112	94577		0
JF810812.1	subgenomic	1467	0	+	1	93112	94576		0
JF810813.1	subgenomic	1467	0	+	1	93112	94576		0
JF810814.1	subgenomic	1467	0	+	1	93112	94576		0
JF810815.1	subgenomic	1467	0	+	1	93112	94576		0
JF810816.1	subgenomic	1467	0	+	1	93112	94576		0
JF810817.1	subgenomic	1467	0	+	1	93112	94576		0
JF810818.1	subgenomic	1467	0	+	1	93112	94576		0
JF810819.1	subgenomic	1467	0	+	1	93112	94576		0
JF810820.1	subgenomic	1467	1	+	1	93112	94576		0
JF810821.1	subgenomic	1467	0	+	1	93112	94576		0
JF810822.1	subgenomic	1467	0	+	1	93112	94576		0
JF810823.1	subgenomic	1467	0	+	1	93112	94576		0
JN181118.1	subgenomic	717	0	+	1	136755	137447		0
JN181119.1	subgenomic	717	0	+	1	136755	137447		0
JN181120.1	subgenomic	717	0	+	1	136755	137447		0
JN181121.1	subgenomic	717	0	+	1	136755	137447		0
JN181122.1	subgenomic	717	0	+	1	136755	137447		0
JN181123.1	subgenomic	717	0	+	1	136755	137447		0
JN181124.1	subgenomic	717	0	+	1	136755	137447		0
JN181125.1	subgenomic	717	0	+	1	136763	137447		0
JN181126.1	subgenomic	720	0	+	1	136755	137448		0
JN181127.1	subgenomic	717	0	+	1	136755	137447		0
JN181128.1	subgenomic	717	0	+	1	136755	137447		0
JN181129.1	subgenomic	720	0	+	1	136755	137448		0
JN181130.1	subgenomic	717	0	+	1	136755	137447		0
JN181131.1	subgenomic	717	0	+	1	136755	137447		0
JN181132.1	subgenomic	717	0	+	1	136755	137447		0
JN181133.1	subgenomic	720	0	+	1	136755	137448		0
JN181134.1	subgenomic	717	0	+	1	136755	137447		0
JN181135.1	subgenomic	717	0	+	1	136755	137447		0
JN181136.1	subgenomic	717	0	+	1	136755	137447		0
JN181137.1	subgenomic	717	0	+	1	136755	137447		0
JN181138.1	subgenomic	720	0	+	1	136755	137448		0
JN181139.1	subgenomic	717	0	+	1	136755	137447		0
JN181140.1	subgenomic	717	0	+	1	136771	137447		0
JN181141.1	subgenomic	717	0	+	1	136755	137447		0
JN181142.1	subgenomic	717	0	+	1	136755	137447		0
JN181143.1	subgenomic	717	0	+	1	136771	137447		0
JN191624.1	subgenomic	1131	0	-	1	46681	47785		0
JN415116.1	subgenomic	1131	0	-	1	46673	47801		0
JN415117.1	subgenomic	1131	0	-	1	46673	47801		0
JN415118.1	subgenomic	1132	0	-	1	46673	47800		0
JN415119.1	subgenomic	1130	0	-	1	46673	47802		0
JN712694.1	subgenomic	1536	0	+	1	96312	97844		0
JN712695.1	subgenomic	1536	0	+	1	96312	97840		0
JN712696.1	subgenomic	1536	0	+	1	96312	97844		0
JN712697.1	subgenomic	1539	0	+	1	96312	97845		0
JN712698.1	subgenomic	1536	0	+	1	96312	97844		0
JN712699.1	subgenomic	1536	0	+	1	96332	97844		0
JN712700.1	subgenomic	1536	0	+	1	96312	97844		0
JN712701.1	subgenomic	1536	0	+	1	96312	97844		0
JN712702.1	subgenomic	1536	0	+	1	96312	97844		0
JN712703.1	subgenomic	1536	0	+	1	96312	97844		0
JN712704.1	subgenomic	1536	0	+	1	96312	97844		0
JN712705.1	subgenomic	1536	0	+	1	96312	97844		0
JN712706.1	subgenomic	1536	0	+	1	96312	97844		0
JN712707.1	subgenomic	1536	0	+	1	96312	97844		0
JN712708.1	subgenomic	1536	0	+	1	96312	97844		0
JN712709.1	subgenomic	1536	0	+	1	96312	97844		0
JN712710.1	subgenomic	1536	0	+	1	96312	97844		0
JN712711.1	subgenomic	1536	0	+	1	96312	97844		0
JN712712.1	subgenomic	1536	0	+	1	96312	97844		0
JN712713.1	subgenomic	1536	0	+	1	96312	97844		0
JN712714.1	subgenomic	1536	0	+	1	96312	97844		0
JN712715.1	subgenomic	1536	0	+	1	96312	97844		0
JN712716.1	subgenomic	1536	0	+	1	96312	97844		0
JN712717.1	subgenomic	1536	0	+	1	96312	97844		0
JN712718.1	subgenomic	1536	0	+	1	96312	97844		0
JQ320079.1	subgenomic	669	0	-	1	40821	41489		0
JQ320080.1	subgenomic	2715	0	-	1	53081	55793		0
JQ320081.1	subgenomic	2517	0	-	1	43867	46383		0
JQ320082.1	subgenomic	1017	0	+	1	112180	113196	UL52	4
JQ320083.1	subgenomic	1185	0	+	1	138423	139607		0
JQ352101.1	subgenomic	3708	0	+	1	62807	66511	UL30	794
JQ352102.1	subgenomic	3708	0	+	1	62807	66511	UL30	794
JQ352103.1	subgenomic	3708	0	+	1	62807	66511	UL30	794
JQ352104.1	subgenomic	3708	0	+	1	62807	66511	UL30	794
JQ352105.1	subgenomic	3708	0	+	1	62815	66511	UL30	794
JQ352106.1	subgenomic	3708	0	+	1	62807	66511	UL30	794
JQ352107.1	subgenomic	3708	0	+	1	62807	66511	UL30	794
JQ352108.1	subgenomic	3708	0	+	1	62827	66511	UL30	791
JQ352109.1	subgenomic	3708	0	+	1	62807	66511	UL30	794
JQ352110.1	subgenomic	3708	0	+	1	62807	66511	UL30	794
JQ352111.1	subgenomic	3708	0	+	1	62807	66511	UL30	794
JQ352112.1	subgenomic	3708	0	+	1	62807	66511	UL30	794
JQ352113.1	subgenomic	3708	0	+	1	62807	66511	UL30	794
JQ352114.1	subgenomic	3708	0	+	1	62807	66511	UL30	794
JQ352115.1	subgenomic	3708	0	+	1	62807	66511	UL30	794
JQ352116.1	subgenomic	3708	0	+	1	62807	66511	UL30	794
JQ352117.1	subgenomic	3708	0	+	1	62827	66511	UL30	791
JQ352118.1	subgenomic	3708	0	+	1	62807	66511	UL30	794
JQ352119.1	subgenomic	3708	0	+	1	62807	66511	UL30	794
JQ352120.1	subgenomic	3708	0	+	1	62807	66511	UL30	794
JQ352121.1	subgenomic	3708	0	+	1	62807	66511	UL30	794
JQ352122.1	subgenomic	3708	0	+	1	62807	66511	UL30	794
JQ352123.1	subgenomic	3708	0	+	1	62807	66511	UL30	794
JQ352124.1	subgenomic	3708	0	+	1	62807	66511	UL30	794
JQ352125.1	subgenomic	3708	0	+	1	62807	66511	UL30	794
JQ352126.1	subgenomic	3708	0	+	1	62807	66511	UL30	794
JQ352127.1	subgenomic	3708	0	+	1	62807	66511	UL30	794
JQ352128.1	subgenomic	3708	0	+	1	62807	66511	UL30	794
JQ352129.1	subgenomic	3708	0	+	1	62807	66511	UL30	794
JQ352130.1	subgenomic	3708	0	+	1	62807	66511	UL30	794
JQ352131.1	subgenomic	3708	0	+	1	62827	66511	UL30	791
JQ352132.1	subgenomic	3708	0	+	1	62807	66511	UL30	794
JQ352133.1	subgenomic	3708	0	+	1	62807	66511	UL30	794
JQ352134.1	subgenomic	3708	0	+	1	62807	66511	UL30	794
JQ352135.1	subgenomic	3708	0	+	1	62807	66511	UL30	794
JQ352136.1	subgenomic	3708	0	+	1	62807	66511	UL30	794
JQ352137.1	subgenomic	3708	0	+	1	62807	66511	UL30	794
JQ352138.1	subgenomic	3708	0	+	1	62807	66511	UL30	794
JQ352139.1	subgenomic	3708	0	+	1	62807	66511	UL30	794
JQ352140.1	subgenomic	3708	0	+	1	62807	66511	UL30	794
JQ352141.1	subgenomic	3708	0	+	1	62807	66511	UL30	794
JQ352142.1	subgenomic	3708	0	+	1	62807	66511	UL30	794
JQ352143.1	subgenomic	3708	0	+	1	62807	66511	UL30	794
JQ352144.1	subgenomic	3708	0	+	1	62807	66511	UL30	794
JQ352145.1	subgenomic	3708	0	+	1	62807	66511	UL30	794
JQ352146.1	subgenomic	3708	0	+	1	62807	66511	UL30	794
JQ352147.1	subgenomic	3708	0	+	1	62807	66511	UL30	794
JQ352148.1	subgenomic	3708	0	+	1	62807	66511	UL30	794
JQ352149.1	subgenomic	3708	0	+	1	62827	66491	UL30	791
JQ352150.1	subgenomic	3708	0	+	1	62807	66511	UL30	794
JQ352151.1	subgenomic	3708	0	+	1	62807	66511	UL30	794
JQ352152.1	subgenomic	3708	0	+	1	62807	66511	UL30	794
JQ352153.1	subgenomic	3708	0	+	1	62807	66511	UL30	794
JQ352154.1	subgenomic	3708	0	+	1	62807	66511	UL30	794
JQ352155.1	subgenomic	3708	0	+	1	62807	66511	UL30	794
JQ352156.1	subgenomic	3708	0	+	1	62807	66511	UL30	794
JQ352157.1	subgenomic	3708	0	+	1	62807	66511	UL30	794
JQ352158.1	subgenomic	3708	0	+	1	62807	66511	UL30	794
JQ352159.1	subgenomic	3708	0	+	1	62807	66511	UL30	794
JQ352160.1	subgenomic	3708	0	+	1	62807	66511	UL30	794
JQ352161.1	subgenomic	3708	0	+	1	62807	66511	UL30	794
JQ352162.1	subgenomic	3708	0	+	1	62807	66511	UL30	794
JQ352163.1	subgenomic	3708	0	+	1	62807	66511	UL30	794
JQ352164.1	subgenomic	3708	0	+	1	62827	66511	UL30	791
JQ352165.1	subgenomic	3708	0	+	1	62807	66511	UL30	794
JQ352166.1	subgenomic	3708	0	+	1	62807	66511	UL30	794
JQ352167.1	subgenomic	3708	0	+	1	62807	66511	UL30	794
JQ352168.1	subgenomic	3708	0	+	1	62807	66511	UL30	794
JQ352169.1	subgenomic	3708	0	+	1	62807	66511	UL30	794
JQ352170.1	subgenomic	3708	0	+	1	62807	66511	UL30	794
JQ352171.1	subgenomic	3708	0	+	1	62807	66511	UL30	794
JQ352172.1	subgenomic	3708	0	+	1	62807	66511	UL30	794
JQ352173.1	subgenomic	3708	0	+	1	62807	66511	UL30	794
JQ352174.1	subgenomic	3708	0	+	1	62807	66511	UL30	794
JQ352175.1	subgenomic	3708	0	+	1	62807	66511	UL30	794
JQ352176.1	subgenomic	3708	0	+	1	62807	66511	UL30	794
JQ352177.1	subgenomic	3708	0	+	1	62807	66511	UL30	794
JQ352178.1	subgenomic	3708	0	+	1	62807	66503	UL30	794
JQ352179.1	subgenomic	3708	0	+	1	62807	66511	UL30	794
JQ352180.1	subgenomic	3708	0	+	1	62807	66503	UL30	794
JQ352181.1	subgenomic	3708	0	+	1	62807	66511	UL30	794
JQ352182.1	subgenomic	3708	0	+	1	62807	66511	UL30	794
JQ352183.1	subgenomic	3708	0	+	1	62807	66511	UL30	794
JQ352184.1	subgenomic	3708	0	+	1	62807	66511	UL30	794
JQ352185.1	subgenomic	3708	0	+	1	62807	66511	UL30	794
JQ352201.1	subgenomic	1132	0	-	1	46673	47800		0
JQ352202.1	subgenomic	1130	0	-	1	46673	47802		0
JQ352203.1	subgenomic	1131	0	-	1	46673	47801		0
JQ352204.1	subgenomic	1131	0	-	1	46673	47801		0
JQ352205.1	subgenomic	1131	0	-	1	46673	47801		0
JQ352206.1	subgenomic	1131	0	-	1	46673	47801		0
JQ352207.1	subgenomic	1131	0	-	1	46673	47801		0
JQ352208.1	subgenomic	1131	0	-	1	46673	47801		0
JQ352209.1	subgenomic	1131	0	-	1	46673	47801		0
JQ352210.1	subgenomic	1131	0	-	1	46673	47801		0
JQ352211.1	subgenomic	1131	0	-	1	46673	47801		0
JQ352212.1	subgenomic	1131	0	-	1	46673	47801		0
JQ352213.1	subgenomic	1131	0	-	1	46673	47801		0
JQ352214.1	subgenomic	1131	0	-	1	46673	47801		0
JQ352215.1	subgenomic	1131	0	-	1	46673	47801		0
JQ352216.1	subgenomic	1131	0	-	1	46673	47801		0
JQ352217.1	subgenomic	1131	0	-	1	46673	47801		0
JQ352218.1	subgenomic	1131	0	-	1	46673	47801		0
JQ352219.1	subgenomic	1131	0	-	1	46673	47801		0
JQ352220.1	subgenomic	1131	0	-	1	46673	47801		0
JQ352221.1	subgenomic	1131	0	-	1	46673	47801		0
JQ352222.1	subgenomic	1131	0	-	1	46673	47777		0
JQ352223.1	subgenomic	1131	0	-	1	46673	47801		0
JQ352224.1	subgenomic	1131	0	-	1	46673	47801		0
JQ352225.1	subgenomic	1131	0	-	1	46673	47801		0
JQ352226.1	subgenomic	1131	0	-	1	46681	47801		0
JQ352227.1	subgenomic	1131	0	-	1	46673	47801		0
JQ352228.1	subgenomic	1131	0	-	1	46673	47777		0
JQ352229.1	subgenomic	1131	0	-	1	46673	47785		0
JQ352230.1	subgenomic	1131	0	-	1	46673	47801		0
JQ352231.1	subgenomic	1131	0	-	1	46673	47801		0
JQ352232.1	subgenomic	1131	0	-	1	46681	47801		0
JQ352233.1	subgenomic	1131	0	-	1	46673	47801		0
JQ352234.1	subgenomic	1131	0	-	1	46673	47801		0
JQ352235.1	subgenomic	1131	0	-	1	46673	47801		0
JQ352236.1	subgenomic	1131	0	-	1	46673	47801		0
JQ352237.1	subgenomic	1131	0	-	1	46673	47801		0
JQ352238.1	subgenomic	1131	0	-	1	46673	47801		0
JQ352239.1	subgenomic	1131	0	-	1	46673	47801		0
JQ352240.1	subgenomic	1131	0	-	1	46673	47801		0
JQ352241.1	subgenomic	1131	0	-	1	46673	47801		0
JQ352242.1	subgenomic	1131	0	-	1	46673	47801		0
JQ352243.1	subgenomic	1131	0	-	1	46673	47801		0
JQ352244.1	subgenomic	1131	0	-	1	46673	47801		0
JQ352245.1	subgenomic	1131	0	-	1	46681	47801		0
JQ352246.1	subgenomic	1131	0	-	1	46673	47801		0
JQ352247.1	subgenomic	1131	0	-	1	46673	47761		0
JQ352248.1	subgenomic	1131	0	-	1	46673	47801		0
JQ352249.1	subgenomic	1131	0	-	1	46681	47801		0
JQ352250.1	subgenomic	1131	0	-	1	46673	47801		0
JQ352251.1	subgenomic	1131	0	-	1	46673	47801		0
JQ352252.1	subgenomic	1131	0	-	1	46681	47801		0
JQ352253.1	subgenomic	1131	0	-	1	46673	47801		0
JQ352254.1	subgenomic	1131	0	-	1	46673	47801		0
JQ352255.1	subgenomic	1131	0	-	1	46673	47801		0
JQ352256.1	subgenomic	1131	0	-	1	46673	47785		0
JQ352257.1	subgenomic	1132	0	-	1	46681	47784		0
JQ352258.1	subgenomic	1132	0	-	1	46673	47800		0
JQ352259.1	subgenomic	1131	0	-	1	46673	47801		0
JQ352260.1	subgenomic	1130	0	-	1	46673	47802		0
JQ352261.1	subgenomic	1131	0	-	1	46673	47801		0
JQ352262.1	subgenomic	1131	0	-	1	46673	47777		0
JQ352263.1	subgenomic	1130	0	-	1	46673	47802		0
JQ352264.1	subgenomic	1131	0	-	1	46673	47801		0
JQ352265.1	subgenomic	1131	0	-	1	46673	47801		0
JQ352266.1	subgenomic	1130	0	-	1	46681	47786		0
JQ352267.1	subgenomic	1131	0	-	1	46673	47801		0
JQ352268.1	subgenomic	1132	0	-	1	46673	47800		0
JQ352269.1	subgenomic	1132	0	-	1	46681	47784		0
JQ352270.1	subgenomic	1132	0	-	1	46673	47800		0
JQ352271.1	subgenomic	1131	0	-	1	46673	47801		0
JQ352272.1	subgenomic	1131	0	-	1	46673	47777		0
JQ352273.1	subgenomic	1132	0	-	1	46673	47800		0
JQ352274.1	subgenomic	1130	0	-	1	46673	47778		0
JQ352275.1	subgenomic	1130	0	-	1	46686	47802		0
JQ352276.1	subgenomic	1132	0	-	1	46673	47800		0
JQ352277.1	subgenomic	1130	0	-	1	46673	47778		0
JQ352278.1	subgenomic	1130	0	-	1	46673	47778		0
JQ352279.1	subgenomic	1131	0	-	1	46673	47801		0
JQ352280.1	subgenomic	1131	0	-	1	46673	47801		0
JQ352281.1	subgenomic	1131	0	-	1	46673	47801		0
JQ352282.1	subgenomic	1131	0	-	1	46673	47801		0
JQ352283.1	subgenomic	1131	0	-	1	46681	47785		0
JQ352284.1	subgenomic	1131	0	-	1	46673	47801		0
JQ352285.1	subgenomic	1132	0	-	1	46673	47800		0
JQ359758.1	subgenomic	1536	0	+	1	96312	97844		0
JQ359759.1	subgenomic	675	0	+	1	9362	9994		0
JQ407535.1	subgenomic	4753	0	+	2	146434	151419		0
JQ895543.1	subgenomic	1131	0	-	1	46677	47801		0
JQ895544.1	subgenomic	1131	0	-	1	46677	47801		0
JQ895545.1	subgenomic	1131	0	-	1	46677	47801		0
JQ895546.1	subgenomic	1131	0	-	1	46681	47801		0
JQ895547.1	subgenomic	1131	0	-	1	46681	47785		0
JQ895548.1	subgenomic	1131	0	-	1	46677	47801		0
JQ895549.1	subgenomic	1131	0	-	1	46677	47801		0
JQ895550.1	subgenomic	1131	0	-	1	46677	47777		0
JQ895551.1	subgenomic	1131	0	-	1	46677	47801		0
JQ895552.1	subgenomic	1131	0	-	1	46681	47785		0
JQ895553.1	subgenomic	1131	0	-	1	46677	47785		0
JQ895554.1	subgenomic	1131	0	-	1	46677	47801		0
JQ895555.1	subgenomic	1128	0	-	1	46681	47784		0
JQ895556.1	subgenomic	1131	0	-	1	46677	47801		0
JX040502.1	subgenomic	1131	0	-	1	46681	47733		0
JX040503.1	subgenomic	1131	0	-	1	46681	47733		0
JX392950.1	subgenomic	1131	0	-	1	46677	47801		0
JX392951.1	subgenomic	1131	0	-	1	46677	47801		0
JX392952.1	subgenomic	1131	0	-	1	46677	47801		0
JX392953.1	subgenomic	1131	0	-	1	46677	47801		0
JX392954.1	subgenomic	1131	0	-	1	46677	47801		0
JX392955.1	subgenomic	1131	0	-	1	46677	47801		0
JX392956.1	subgenomic	1131	0	-	1	46677	47801		0
JX392957.1	subgenomic	1131	0	-	1	46677	47801		0
JX392958.1	subgenomic	1131	0	-	1	46677	47801		0
JX392959.1	subgenomic	1131	0	-	1	46677	47801		0
JX392960.1	subgenomic	1131	0	-	1	46677	47801		0
JX392961.1	subgenomic	1130	0	-	1	46677	47802		0
JX392962.1	subgenomic	1131	0	-	1	46677	47801		0
JX392963.1	subgenomic	1131	0	-	1	46677	47801		0
JX392964.1	subgenomic	1131	0	-	1	46677	47801		0
JX392965.1	subgenomic	1131	0	-	1	46677	47801		0
JX392966.1	subgenomic	1131	0	-	1	46677	47801		0
JX392967.1	subgenomic	1131	0	-	1	46681	47801		0
JX392968.1	subgenomic	1131	0	-	1	46677	47801		0
JX392969.1	subgenomic	1131	0	-	1	46677	47801		0
JX392970.1	subgenomic	1131	0	-	1	46677	47801		0
JX392971.1	subgenomic	1131	0	-	1	46677	47801		0
JX392972.1	subgenomic	1130	0	-	1	46677	47802		0
JX392973.1	subgenomic	1131	0	-	1	46677	47801		0
JX392974.1	subgenomic	1130	0	-	1	46677	47802		0
JX392975.1	subgenomic	1131	0	-	1	46677	47801		0
JX392976.1	subgenomic	1131	0	-	1	46677	47801		0
JX392977.1	subgenomic	1131	0	-	1	46677	47801		0
JX392978.1	subgenomic	1131	0	-	1	46677	47801		0
JX392979.1	subgenomic	1131	0	-	1	46677	47801		0
JX392980.1	subgenomic	1131	0	-	1	46677	47801		0
K01760.1	subgenomic	3758	0	-	1	52627	56341		0
K01835.1	subgenomic	1766	0	+	1	125647	127411		0
K02022.1	subgenomic	2579	0	-	1	24743	27319		0
K02372.1	subgenomic	1594	0	+	1	138210	139763		0
K02720.1	subgenomic	1857	0	-	1	52976	54832		0
K02853.1	subgenomic	455	0	+	1	5468	5921	RL2	1
K03350.1	subgenomic	2522	0	-	1	103401	105909		0
K03351.1	subgenomic	2700	0	+	1	96056	98741		0
K03357.1	subgenomic	317	0	-	4	3	152207		0
K03541.1	subgenomic	3643	0	-	1	52589	56231		0
KC140230.1	subgenomic	720	0	+	1	136755	137448		0
KC140231.1	subgenomic	717	0	+	1	136755	137447		0
KC140232.1	subgenomic	717	0	+	1	136755	137447		0
KC140233.1	subgenomic	717	0	+	1	136755	137447		0
KC817470.1	subgenomic	234	0	+	1	138969	139201		0
KC817471.1	subgenomic	235	0	+	1	138970	139122		0
KC817472.1	subgenomic	236	0	+	1	138969	139201		0
KC817473.1	subgenomic	235	0	+	1	138969	139201		0
KC817474.1	subgenomic	236	0	+	1	138969	139201		0
KC881055.1	subgenomic	1131	0	-	1	46681	47785		0
KC881056.1	subgenomic	1131	0	-	1	46681	47785		0
KF130948.1	subgenomic	530	0	+	2	140258	140786		0
KF130949.1	subgenomic	530	0	+	2	140258	140786		0
KF130950.1	subgenomic	536	0	+	2	140258	140784		0
KF130951.1	subgenomic	530	0	+	2	140258	140786		0
KF130952.1	subgenomic	572	0	+	4	140258	140784		0
KF130953.1	subgenomic	571	0	+	4	140258	140785		0
KF130954.1	subgenomic	551	0	+	3	140266	140785		0
KF130955.1	subgenomic	530	0	+	2	140258	140786		0
KF130956.1	subgenomic	552	0	+	3	140266	140784		0
KF130957.1	subgenomic	530	0	+	2	140258	140786		0
KF130958.1	subgenomic	530	0	+	2	140258	140786		0
KF130959.1	subgenomic	551	0	+	3	140258	140785		0
KF130960.1	subgenomic	509	0	+	1	140258	140787		0
KF146797.1	subgenomic	3950	0	+	1	62606	66552	UL30	794
KF146798.1	subgenomic	3956	0	+	1	62606	66550	UL30	794
KF146799.1	subgenomic	3949	0	+	1	62606	66553	UL30	794
KF146800.1	subgenomic	3949	0	+	1	62606	66553	UL30	794
KF146801.1	subgenomic	3950	0	+	1	62606	66552	UL30	794
KF146802.1	subgenomic	3953	0	+	1	62606	66553	UL30	794
KF146803.1	subgenomic	3952	0	+	1	62606	66550	UL30	794
KF146804.1	subgenomic	3950	0	+	1	62606	66552	UL30	794
KF146805.1	subgenomic	3955	0	+	1	62606	66551	UL30	794
KF146806.1	subgenomic	3950	0	+	1	62606	66552	UL30	794
KF146807.1	subgenomic	3952	0	+	1	62606	66550	UL30	794
KF146808.1	subgenomic	1309	0	+	1	46609	47912		0
KF146809.1	subgenomic	1304	0	+	1	46609	47909		0
KF146810.1	subgenomic	1305	0	+	1	46609	47912		0
KF146811.1	subgenomic	1304	0	+	1	46609	47909		0
KF146812.1	subgenomic	1304	0	+	1	46609	47909		0
KF146813.1	subgenomic	1310	0	+	1	46609	47911		0
KF146814.1	subgenomic	1312	0	+	1	46609	47909		0
KF146815.1	subgenomic	1304	0	+	1	46609	47909		0
KF146816.1	subgenomic	1305	0	+	1	46609	47912		0
KF146817.1	subgenomic	1304	0	+	1	46609	47909		0
KF146818.1	subgenomic	1308	0	+	1	46609	47909		0
KF921514.1	subgenomic	466	0	+	1	64364	64827	UL30	93
KF921515.1	subgenomic	466	0	+	1	64364	64827	UL30	93
KJ396198.1	subgenomic	731	0	+	1	64971	65667	UL30	127
KM259925.1	subgenomic	1179	0	+	1	33636	34792		0
KM259926.1	subgenomic	1539	0	+	1	113735	115271	UL54	372
KM259927.1	subgenomic	1467	0	+	1	93112	94556		0
KM259928.1	subgenomic	1788	0	-	1	67372	69159		0
KM279030.1	subgenomic	1653	0	+	1	141247	142899		0
KM279031.1	subgenomic	1653	0	+	1	141247	142899		0
KM279032.1	subgenomic	1653	0	+	1	141247	142899		0
KM279033.1	subgenomic	1653	0	+	1	141247	142899		0
KM279034.1	subgenomic	1653	0	+	1	141247	142899		0
KM279035.1	subgenomic	1653	0	+	1	141247	142899		0
KM279036.1	subgenomic	1653	0	+	1	141247	142899		0
KM279037.1	subgenomic	1653	0	+	1	141247	142899		0
KM279038.1	subgenomic	1653	0	+	1	141247	142899		0
KM279039.1	subgenomic	1653	0	+	1	141247	142899		0
KM279040.1	subgenomic	1653	0	+	1	141247	142899		0
KM279041.1	subgenomic	1653	0	+	1	141247	142899		0
KM279042.1	subgenomic	1653	0	+	1	141247	142899		0
KM279043.1	subgenomic	1653	0	+	1	141247	142899		0
KM279044.1	subgenomic	1653	0	+	1	141247	142899		0
KM279045.1	subgenomic	1653	0	+	1	141247	142899		0
KM279046.1	subgenomic	1653	0	+	1	141247	142899		0
KM279047.1	subgenomic	1653	0	+	1	141247	142899		0
KM279048.1	subgenomic	1653	0	+	1	141247	142899		0
KM279049.1	subgenomic	1653	0	+	1	141247	142899		0
KM279050.1	subgenomic	1653	0	+	1	141247	142899		0
KM279051.1	subgenomic	1131	0	-	1	46681	47785		0
KM279052.1	subgenomic	1131	0	-	1	46673	47801		0
KM279053.1	subgenomic	1131	0	-	1	46673	47801		0
KM279054.1	subgenomic	1131	0	-	1	46673	47801		0
KM279055.1	subgenomic	1131	0	-	1	46673	47801		0
KM279056.1	subgenomic	1131	0	-	1	46673	47801		0
KM279057.1	subgenomic	1131	0	-	1	46673	47801		0
KM279058.1	subgenomic	1131	0	-	1	46673	47801		0
KM279059.1	subgenomic	1131	0	-	1	46673	47801		0
KM279060.1	subgenomic	1131	0	-	1	46673	47801		0
KM279061.1	subgenomic	1131	0	-	1	46673	47801		0
KM279062.1	subgenomic	1131	0	-	1	46673	47801		0
KM279063.1	subgenomic	1131	0	-	1	46673	47801		0
KM279064.1	subgenomic	1131	0	-	1	46673	47801		0
KM279065.1	subgenomic	1131	0	-	1	46673	47801		0
KM279066.1	subgenomic	1131	0	-	1	46673	47801		0
KM279067.1	subgenomic	1131	0	-	1	46673	47801		0
KM279068.1	subgenomic	1131	0	-	1	46673	47801		0
KM279069.1	subgenomic	1131	0	-	1	46673	47801		0
KM279070.1	subgenomic	1131	0	-	1	46673	47801		0
KM279071.1	subgenomic	1131	0	-	1	46673	47801		0
KM279072.1	subgenomic	1536	0	+	1	96312	97844		0
KM279073.1	subgenomic	1536	0	+	1	96312	97844		0
KM279074.1	subgenomic	1536	0	+	1	96312	97844		0
KM279075.1	subgenomic	1536	0	+	1	96312	97844		0
KM279076.1	subgenomic	1536	0	+	1	96312	97844		0
KM279077.1	subgenomic	1536	0	+	1	96312	97844		0
KM279078.1	subgenomic	1536	0	+	1	96312	97844		0
KM279079.1	subgenomic	1536	0	+	1	96312	97844		0
KM279080.1	subgenomic	1536	0	+	1	96312	97844		0
KM279081.1	subgenomic	1536	0	+	1	96312	97844		0
KM279082.1	subgenomic	1536	0	+	1	96312	97844		0
KM279083.1	subgenomic	1536	0	+	1	96312	97844		0
KM279084.1	subgenomic	1536	0	+	1	96312	97844		0
KM279085.1	subgenomic	1536	0	+	1	96312	97844		0
KM279086.1	subgenomic	1536	0	+	1	96312	97844		0
KM279087.1	subgenomic	1536	0	+	1	96312	97844		0
KM279088.1	subgenomic	1536	0	+	1	96312	97844		0
KM279089.1	subgenomic	1536	0	+	1	96312	97844		0
KM279090.1	subgenomic	1536	0	+	1	96312	97844		0
KM279091.1	subgenomic	1536	0	+	1	96312	97844		0
KM279092.1	subgenomic	1536	0	+	1	96312	97844		0
KM816901.1	subgenomic	2649	0	-	1	12484	15132	UL5	481
KM816902.1	subgenomic	2649	0	-	1	12492	15132	UL5	480
KM816903.1	subgenomic	2649	0	-	1	12484	15132	UL5	479
KM816904.1	subgenomic	2649	0	-	1	12484	15132	UL5	479
KM816905.1	subgenomic	2649	0	-	1	12484	15088	UL5	479
KM816906.1	subgenomic	2649	0	-	1	12484	15132	UL5	483
KM816907.1	subgenomic	2649	0	-	1	12484	15132	UL5	481
KM816908.1	subgenomic	2649	0	-	1	12484	15132	UL5	481
KM816909.1	subgenomic	2649	0	-	1	12484	15132	UL5	483
KM816910.1	subgenomic	2649	0	-	1	12484	15132	UL5	481
KM816911.1	subgenomic	2649	0	-	1	12484	15132	UL5	481
KM816912.1	subgenomic	2649	0	-	1	12484	15132	UL5	483
KM816913.1	subgenomic	2649	0	-	1	12484	15132	UL5	481
KM816914.1	subgenomic	2649	0	-	1	12484	15132	UL5	481
KM816915.1	subgenomic	2649	0	-	1	12484	15132	UL5	483
KM816916.1	subgenomic	2649	0	-	1	12484	15132	UL5	483
KM816917.1	subgenomic	2649	0	-	1	12484	15132	UL5	481
KM816918.1	subgenomic	2649	0	-	1	12484	15132	UL5	481
KM816919.1	subgenomic	2649	0	-	1	12484	15132	UL5	481
KM816920.1	subgenomic	2649	0	-	1	12484	15132	UL5	483
KM816921.1	subgenomic	2649	0	-	1	12484	15132	UL5	481
KM816922.1	subgenomic	2649	0	-	1	12484	15132	UL5	479
KM816923.1	subgenomic	2649	0	-	1	12484	15132	UL5	479
KM816924.1	subgenomic	2649	0	-	1	12484	15132	UL5	483
KM816925.1	subgenomic	2649	0	-	1	12484	15132	UL5	483
KM816926.1	subgenomic	2649	0	-	1	12484	15132	UL5	481
KM816927.1	subgenomic	2649	0	-	1	12484	15132	UL5	481
KM816928.1	subgenomic	2649	0	-	1	12484	15132	UL5	481
KM816929.1	subgenomic	2649	0	-	1	12484	15132	UL5	481
KM816930.1	subgenomic	2649	0	-	1	12484	15132	UL5	483
KM816931.1	subgenomic	2649	0	-	1	12484	15132	UL5	483
KM816932.1	subgenomic	2649	0	-	1	12484	15088	UL5	479
KM816965.1	subgenomic	3177	0	+	1	109049	112225	UL52	673
KM816966.1	subgenomic	3177	0	+	1	109049	112225	UL52	673
KM816967.1	subgenomic	3177	0	+	1	109049	112225	UL52	673
KM816968.1	subgenomic	3177	0	+	1	109049	112225	UL52	673
KM816969.1	subgenomic	3177	0	+	1	109049	112225	UL52	673
KM816970.1	subgenomic	3177	0	+	1	109049	112225	UL52	673
KM816971.1	subgenomic	3177	0	+	1	109049	112225	UL52	673
KM816972.1	subgenomic	3177	0	+	1	109049	112225	UL52	673
KM816973.1	subgenomic	3177	0	+	1	109049	112225	UL52	673
KM816974.1	subgenomic	3177	0	+	1	109049	112225	UL52	673
KM816975.1	subgenomic	3177	0	+	1	109049	112225	UL52	673
KM816976.1	subgenomic	3177	0	+	1	109049	112225	UL52	673
KM816977.1	subgenomic	3177	0	+	1	109049	112225	UL52	673
KM816978.1	subgenomic	3177	0	+	1	109049	112225	UL52	673
KM816979.1	subgenomic	3177	0	+	1	109049	112225	UL52	670
KM816980.1	subgenomic	3177	0	+	1	109049	112225	UL52	670
KM816981.1	subgenomic	3177	0	+	1	109049	112225	UL52	673
KM816982.1	subgenomic	3171	0	+	1	109049	112223	UL52	673
KM816983.1	subgenomic	3177	0	+	1	109049	112225	UL52	673
KM816984.1	subgenomic	3177	0	+	1	109049	112225	UL52	673
KM816985.1	subgenomic	3177	0	+	1	109049	112225	UL52	673
KM816986.1	subgenomic	3177	0	+	1	109049	112225	UL52	673
KM816987.1	subgenomic	3177	0	+	1	109049	112225	UL52	673
KM816988.1	subgenomic	3177	0	+	1	109049	112225	UL52	673
KM816989.1	subgenomic	3177	0	+	1	109049	112225	UL52	673
KM816990.1	subgenomic	3177	0	+	1	109049	112225	UL52	673
KM816991.1	subgenomic	3177	0	+	1	109049	112225	UL52	673
KM816992.1	subgenomic	3177	0	+	1	109049	112225	UL52	673
KM816993.1	subgenomic	3177	0	+	1	109049	112225	UL52	673
KM816994.1	subgenomic	3177	0	+	1	109049	112225	UL52	673
KM816995.1	subgenomic	3177	0	+	1	109049	112225	UL52	673
KM816996.1	subgenomic	3177	0	+	1	109049	112225	UL52	673
KP204159.1	subgenomic	216	0	+	1	140558	140702		0
KP204160.1	subgenomic	201	0	+	1	140560	140684		0
KP204161.1	subgenomic	203	0	+	1	140559	140707		0
KR781517.1	subgenomic	1502	0	+	1	96312	97812		0
KR781518.1	subgenomic	525	0	+	1	96312	96837		0
KT266758.1	subgenomic	1131	0	-	1	46673	47801		0
KT266759.1	subgenomic	1131	0	-	1	46673	47801		0
KT266760.1	subgenomic	1131	0	-	1	46673	47801		0
KT266761.1	subgenomic	1131	0	-	1	46673	47801		0
KT266762.1	subgenomic	1131	0	-	1	46673	47801		0
KT266763.1	subgenomic	1131	0	-	1	46673	47801		0
KT266764.1	subgenomic	1131	0	-	1	46681	47777		0
KT266765.1	subgenomic	1131	0	-	1	46681	47777		0
KT266766.1	subgenomic	1131	0	-	1	46681	47777		0
KT425107.1	subgenomic	135767	1698	+	18	9216	145587	RL2|UL19|UL29|UL30|UL5|UL52|UL54	4729
KT425108.1	subgenomic	135715	994	+	13	9221	145579	RL2|UL19|UL29|UL30|UL5|UL52|UL54	4664
KT425109.1	subgenomic	135472	0	+	18	9218	145586	RL2|UL19|UL29|UL30|UL5|UL52|UL54	4688
KT425110.1	subgenomic	136278	1182	+	18	9218	145584	RL2|UL19|UL29|UL30|UL5|UL52|UL54	4658
KT869134.1	subgenomic	744	0	+	1	136724	137460		0
KX650157.1	subgenomic	658	0	+	1	64962	65610	UL30	120
KX650158.1	subgenomic	601	0	+	1	65019	65619	UL30	106
KX650159.1	subgenomic	601	0	+	1	65019	65619	UL30	106
KX650160.1	subgenomic	601	0	+	1	65019	65619	UL30	106
KX650161.1	subgenomic	601	0	+	1	65019	65619	UL30	106
KX650162.1	subgenomic	601	0	+	1	65019	65619	UL30	106
KX650163.1	subgenomic	601	0	+	1	65019	65619	UL30	106
KX650164.1	subgenomic	601	0	+	1	65019	65619	UL30	106
KX650165.1	subgenomic	601	0	+	1	65019	65619	UL30	106
KX650166.1	subgenomic	601	0	+	1	65019	65619	UL30	106
KX791790.1	subgenomic	18283	0	+	1	20594	38851	UL19	584
KX791791.1	subgenomic	13170	0	-	1	101211	114377	UL52|UL54	845
KX791792.1	subgenomic	12257	0	-	2	84524	120842		0
KX791793.1	subgenomic	9771	0	+	1	43103	52862		0
KX791794.1	subgenomic	9039	0	+	2	56939	66124	UL29|UL30	1476
KX791795.1	subgenomic	8449	0	-	1	12115	20563	UL5	483
KX791796.1	subgenomic	5424	1	-	1	132617	138010		0
KX791797.1	subgenomic	5060	0	+	1	74322	79347		0
KX791798.1	subgenomic	4838	1	-	1	79650	84482		0
KX791799.1	subgenomic	4659	0	+	1	96523	101189		0
KX791800.1	subgenomic	3745	0	-	1	52899	56611		0
KX791801.1	subgenomic	3574	0	+	1	66162	69722	UL30	73
KX791802.1	subgenomic	2788	0	+	1	141073	143736		0
KX791803.1	subgenomic	2712	0	+	1	114451	117162	UL54	158
KX791804.1	subgenomic	2471	0	-	1	9202	11666		0
KX791805.1	subgenomic	2413	0	+	1	138043	140445		0
KX791806.1	subgenomic	1919	1	-	1	38887	40793	UL19	356
KX791807.1	subgenomic	1891	0	-	1	69736	71600		0
KX791808.1	subgenomic	1856	0	+	2	143853	145684		0
KX791809.1	subgenomic	1835	0	+	1	123467	125341	RL2	13
KX791810.1	subgenomic	1677	0	+	1	41431	43102		0
KX791811.1	subgenomic	738	0	+	1	71811	72513		0
KX791812.1	subgenomic	722	0	-	1	140417	141051		0
KX791813.1	subgenomic	711	0	+	1	122610	123297	RL2	110
KX791814.1	subgenomic	708	0	+	1	120863	121556	RL2	166
KX791815.1	subgenomic	612	0	+	1	40811	41419		0
KX791816.1	subgenomic	608	0	+	1	118598	119205		0
KX791817.1	subgenomic	564	0	+	1	72595	73154		0
KX791818.1	subgenomic	529	0	+	1	73187	73703		0
KX791819.1	subgenomic	12599	0	+	1	28196	40792	UL19	959
KX791820.1	subgenomic	10901	0	-	1	84621	95402		0
KX791821.1	subgenomic	9946	0	-	1	40820	50757		0
KX791822.1	subgenomic	9118	0	+	2	56852	66111	UL29|UL30	1474
KX791823.1	subgenomic	8778	0	-	1	11786	20562	UL5	483
KX791824.1	subgenomic	7879	0	-	1	106492	114349	UL52|UL54	845
KX791825.1	subgenomic	6976	0	+	1	99519	106488		0
KX791826.1	subgenomic	6807	0	-	1	72596	79405		0
KX791827.1	subgenomic	4227	0	-	1	132620	136846		0
KX791828.1	subgenomic	4008	0	-	1	20636	24640		0
KX791829.1	subgenomic	3892	0	-	1	52898	56769		0
KX791830.1	subgenomic	3347	1	+	1	24729	28066		0
KX791831.1	subgenomic	2906	0	-	1	96497	99409		0
KX791832.1	subgenomic	2762	0	-	1	66143	68899	UL30	81
KX791833.1	subgenomic	2564	0	-	1	81914	84474		0
KX791834.1	subgenomic	2465	0	-	1	9211	11667		0
KX791835.1	subgenomic	2386	0	-	1	138041	140403		0
KX791836.1	subgenomic	2330	0	+	1	79495	81828		0
KX791837.1	subgenomic	2106	0	-	1	50775	52859		0
KX791838.1	subgenomic	1946	0	+	1	68975	70918		0
KX791839.1	subgenomic	1877	0	-	1	141860	143732		0
KX791840.1	subgenomic	1751	0	+	2	1289	3003	RL2	13
KX791841.1	subgenomic	1695	0	+	1	143876	145584		0
KX791842.1	subgenomic	1643	0	-	1	114441	116081	UL54	158
KX791843.1	subgenomic	1032	0	+	1	116122	117114		0
KX791844.1	subgenomic	1008	0	+	1	95541	96493		0
KX791845.1	subgenomic	899	0	+	2	71449	72513		0
KX791846.1	subgenomic	827	0	-	1	137248	138012		0
KX791847.1	subgenomic	786	0	+	1	4727	5499	RL2	231
KX791848.1	subgenomic	702	0	+	1	118572	119227		0
KX791849.1	subgenomic	570	0	+	1	70920	71488		0
KX791850.1	subgenomic	11160	0	+	1	41402	52550		0
KX791851.1	subgenomic	7923	1	-	1	10205	18033	UL5	483
KX791852.1	subgenomic	7639	0	+	1	106492	114128	UL52|UL54	763
KX791853.1	subgenomic	7444	0	+	1	73180	80631		0
KX791854.1	subgenomic	6717	0	+	1	84528	91216		0
KX791855.1	subgenomic	5925	0	+	1	34877	40803	UL19	959
KX791856.1	subgenomic	5465	0	-	1	66140	71588	UL30	85
KX791857.1	subgenomic	4751	0	+	1	30120	34861		0
KX791858.1	subgenomic	4177	0	-	1	91220	95395		0
KX791859.1	subgenomic	4153	0	+	1	56861	61007	UL29	545
KX791860.1	subgenomic	3627	0	-	1	99599	103215		0
KX791861.1	subgenomic	2871	0	+	1	103136	106003		0
KX791862.1	subgenomic	2844	0	-	1	96614	99444		0
KX791863.1	subgenomic	2654	0	-	1	135366	138014		0
KX791864.1	subgenomic	2577	0	+	1	81907	84483		0
KX791865.1	subgenomic	2279	0	+	1	20583	22859		0
KX791866.1	subgenomic	2215	1	-	1	63928	66128	UL30	448
KX791867.1	subgenomic	2198	0	+	1	54638	56817		0
KX791868.1	subgenomic	2123	0	+	1	52497	54611		0
KX791869.1	subgenomic	2024	0	+	1	28085	30106		0
KX791870.1	subgenomic	1886	0	-	1	141864	143724		0
KX791871.1	subgenomic	1866	0	+	2	143855	145702		0
KX791872.1	subgenomic	1849	0	+	1	24934	26731		0
KX791873.1	subgenomic	1735	0	+	1	23147	24886		0
KX791874.1	subgenomic	1732	0	+	1	114440	116171	UL54	158
KX791875.1	subgenomic	1525	0	-	1	133604	135129		0
KX791876.1	subgenomic	1287	0	+	1	138041	139310		0
KX791877.1	subgenomic	1239	0	+	1	80659	81892		0
KX791878.1	subgenomic	1143	0	+	3	4800	151787	RL2	204
KX791879.1	subgenomic	1118	0	+	1	26742	27859		0
KX791880.1	subgenomic	1094	0	+	1	95542	96583		0
KX791881.1	subgenomic	1087	0	-	1	19443	20527		0
KX791882.1	subgenomic	1007	0	-	1	139442	140442		0
KX791883.1	subgenomic	999	0	+	1	124200	125172		0
KX791884.1	subgenomic	990	0	+	1	132618	133602		0
KX791885.1	subgenomic	987	0	+	1	61162	62138	UL29	195
KX791886.1	subgenomic	945	0	+	1	18316	19248		0
KX791887.1	subgenomic	841	0	+	1	63069	63911	UL30	167
KX791888.1	subgenomic	799	0	-	1	116368	117164		0
KX791889.1	subgenomic	775	0	+	1	7438	8147		0
KX791890.1	subgenomic	771	0	+	1	2175	2998	RL2	13
KX791891.1	subgenomic	732	0	+	1	141122	141850		0
KX791892.1	subgenomic	720	0	+	1	9457	10173		0
KX791893.1	subgenomic	708	0	-	1	71805	72510		0
KX791894.1	subgenomic	589	0	+	1	122581	123151	RL2	105
KX791895.1	subgenomic	545	0	-	1	72585	73129		0
KX791896.1	subgenomic	532	0	+	1	146692	147204		0
KX791897.1	subgenomic	13044	1	+	1	27779	40782	UL19	959
KX791898.1	subgenomic	9203	0	-	1	104927	114109	UL52|UL54	762
KX791899.1	subgenomic	8811	0	+	1	11681	20482	UL5	483
KX791900.1	subgenomic	8536	0	+	1	86987	95485		0
KX791901.1	subgenomic	7859	0	-	1	72764	80631		0
KX791902.1	subgenomic	7163	0	+	1	40804	47969		0
KX791903.1	subgenomic	5172	0	+	2	20589	96531		0
KX791904.1	subgenomic	4674	0	+	1	96633	101311		0
KX791905.1	subgenomic	4573	0	+	1	47972	52542		0
KX791906.1	subgenomic	4436	0	-	1	132514	136951		0
KX791907.1	subgenomic	3889	1	-	1	52920	56764		0
KX791908.1	subgenomic	3836	0	+	1	80657	84481		0
KX791909.1	subgenomic	3835	0	+	2	62147	66129	UL30	692
KX791910.1	subgenomic	3662	0	+	1	58487	62147	UL29	777
KX791911.1	subgenomic	3550	0	-	1	101351	104900		0
KX791912.1	subgenomic	3233	0	+	2	68891	72298		0
KX791913.1	subgenomic	3039	0	-	1	24724	27760		0
KX791914.1	subgenomic	2749	0	-	1	66181	68909	UL30	68
KX791915.1	subgenomic	2734	0	+	1	114457	117160	UL54	158
KX791916.1	subgenomic	2479	0	-	1	9203	11667		0
KX791917.1	subgenomic	2473	0	-	1	84527	86971		0
KX791918.1	subgenomic	2364	0	-	1	138129	140401		0
KX791919.1	subgenomic	1764	0	+	1	141885	143625		0
KX791920.1	subgenomic	1716	0	+	2	1265	2994	RL2	13
KX791921.1	subgenomic	1589	0	+	1	56869	58449		0
KX791922.1	subgenomic	1106	0	+	1	146546	147655		0
KX791923.1	subgenomic	1064	0	-	1	144631	145703		0
KX791924.1	subgenomic	913	0	+	1	7134	8052		0
KX791925.1	subgenomic	910	0	-	1	143853	144761		0
KX791926.1	subgenomic	849	1	-	1	137183	138015		0
KX791927.1	subgenomic	828	0	-	2	141082	141838		0
KX791928.1	subgenomic	698	0	+	1	4814	5502	RL2	194
KX791929.1	subgenomic	637	0	-	2	140410	141052		0
KX791930.1	subgenomic	563	0	+	2	122608	123080	RL2	100
KX791931.1	subgenomic	8575	0	-	1	86711	95246		0
KX791932.1	subgenomic	7102	0	+	1	24735	31835		0
KX791933.1	subgenomic	6740	0	+	1	107547	114282	UL52|UL54	818
KX791934.1	subgenomic	5077	0	+	1	14117	19182	UL5	201
KX791935.1	subgenomic	4374	0	+	1	132621	136973		0
KX791936.1	subgenomic	3986	0	+	1	20630	24606		0
KX791937.1	subgenomic	3827	0	+	1	34893	38719	UL19	541
KX791938.1	subgenomic	3751	0	+	1	45526	49274		0
KX791939.1	subgenomic	3327	0	-	1	97859	101189		0
KX791940.1	subgenomic	3175	0	-	1	77446	80634		0
KX791941.1	subgenomic	2940	0	+	1	138132	141041		0
KX791942.1	subgenomic	2911	0	-	1	103117	106014		0
KX791943.1	subgenomic	2581	0	+	1	66452	68849	UL30	1
KX791944.1	subgenomic	2684	0	+	1	52895	55568		0
KX791945.1	subgenomic	2643	0	+	1	68977	71617		0
KX791946.1	subgenomic	2534	0	-	1	81913	84446		0
KX791947.1	subgenomic	2493	0	+	1	49270	51753		0
KX791948.1	subgenomic	2438	0	-	1	9210	11646		0
KX791949.1	subgenomic	2392	0	+	1	11722	14093	UL5	277
KX791950.1	subgenomic	1972	0	+	1	73177	75148		0
KX791951.1	subgenomic	1870	0	-	1	33061	34935		0
KX791952.1	subgenomic	1841	0	-	1	141875	143715		0
KX791953.1	subgenomic	1776	0	+	1	63021	64794	UL30	364
KX791954.1	subgenomic	1693	0	-	1	143869	145589		0
KX791955.1	subgenomic	1602	0	-	1	114485	116084	UL54	149
KX791956.1	subgenomic	1672	0	+	1	41072	42724		0
KX791957.1	subgenomic	1639	0	+	1	43754	45326		0
KX791958.1	subgenomic	1596	0	-	1	101410	102991		0
KX791959.1	subgenomic	1447	0	+	2	39335	40744	UL19	238
KX791960.1	subgenomic	1419	0	+	1	56907	58322		0
KX791961.1	subgenomic	1353	0	+	1	85202	86554		0
KX791962.1	subgenomic	1319	0	-	1	106088	107406		0
KX791963.1	subgenomic	1316	0	-	1	58469	59757	UL29	277
KX791964.1	subgenomic	1260	0	-	1	64844	66100	UL30	243
KX791965.1	subgenomic	1232	0	-	1	96631	97847		0
KX791966.1	subgenomic	1199	0	+	2	136846	137986		0
KX791967.1	subgenomic	1138	0	-	1	75907	77044		0
KX791968.1	subgenomic	1107	0	-	1	31945	33048		0
KX791969.1	subgenomic	1092	0	-	1	95471	96530		0
KX791970.1	subgenomic	1067	0	-	1	116120	117152		0
KX791971.1	subgenomic	1048	0	+	1	51844	52877		0
KX791972.1	subgenomic	1020	0	-	1	19544	20560		0
KX791973.1	subgenomic	1002	0	+	1	59899	60901	UL29	201
KX791974.1	subgenomic	978	1	+	1	42766	43698		0
KX791975.1	subgenomic	934	0	+	1	61259	62111	UL29	167
KX791976.1	subgenomic	906	0	+	1	4854	5718	RL2	180
KX791977.1	subgenomic	883	0	+	2	2228	3004	RL2	13
KX791978.1	subgenomic	726	0	+	1	124364	125088		0
KX791979.1	subgenomic	697	0	-	1	55844	56538		0
KX791980.1	subgenomic	679	0	+	1	118277	118908		0
KX791981.1	subgenomic	588	0	+	1	81247	81831		0
KX791982.1	subgenomic	584	0	+	1	80657	81232		0
KX791983.1	subgenomic	570	0	+	1	141094	141630		0
KX791984.1	subgenomic	540	0	+	1	72618	73145		0
KX791985.1	subgenomic	532	0	+	1	71924	72438		0
KX791986.1	subgenomic	14804	0	+	1	99532	114320	UL52|UL54	841
KX791987.1	subgenomic	14723	0	+	2	56747	71614	UL29|UL30	1577
KX791988.1	subgenomic	11940	0	+	1	86980	98922		0
KX791989.1	subgenomic	11249	0	-	1	45507	56699		0
KX791990.1	subgenomic	11079	0	+	1	9505	20561	UL5	483
KX791991.1	subgenomic	9888	0	+	1	33831	43700	UL19	959
KX791992.1	subgenomic	8058	0	-	1	72580	80630		0
KX791993.1	subgenomic	7003	0	+	1	26740	33735		0
KX791994.1	subgenomic	6304	0	-	1	80690	86964		0
KX791995.1	subgenomic	4119	0	+	1	20609	24713		0
KX791996.1	subgenomic	3766	0	-	1	136682	140441		0
KX791997.1	subgenomic	2708	0	-	1	114450	117155	UL54	158
KX791998.1	subgenomic	2466	1	+	1	132612	135072		0
KX791999.1	subgenomic	2150	0	-	1	24731	26880		0
KX792000.1	subgenomic	1871	0	-	1	141862	143727		0
KX792001.1	subgenomic	1702	0	+	1	143860	145590		0
KX792002.1	subgenomic	1558	0	-	1	135127	136671		0
KX792003.1	subgenomic	1557	0	+	1	43968	45524		0
KX792004.1	subgenomic	1542	0	+	1	1484	3003	RL2	13
KX792005.1	subgenomic	1159	0	+	1	146481	147641		0
KX792006.1	subgenomic	995	0	+	1	4808	5717	RL2	202
KX792007.1	subgenomic	788	0	-	1	141082	141840		0
KX792008.1	subgenomic	752	0	+	1	71809	72547		0
KX792009.1	subgenomic	751	0	+	2	122584	123077	RL2	93
KX792010.1	subgenomic	627	0	-	1	98952	99519		0
KX816801.1	subgenomic	302	0	+	1	138963	139263		0
KX816802.1	subgenomic	296	0	+	1	138969	139261		0
KX816803.1	subgenomic	305	0	+	1	138960	139264		0
KX816804.1	subgenomic	305	0	+	1	138960	139264		0
KX816805.1	subgenomic	305	0	+	1	138960	139264		0
KX816806.1	subgenomic	305	0	+	1	138960	139264		0
KX816807.1	subgenomic	305	0	+	1	138960	139264		0
KX816808.1	subgenomic	302	0	+	1	138963	139263		0
KX816809.1	subgenomic	302	0	+	1	138963	139263		0
KX816810.1	subgenomic	305	2	+	1	138960	139264		0
KX816811.1	subgenomic	302	0	+	1	138963	139263		0
KX816812.1	subgenomic	305	0	+	1	138960	139264		0
KX816813.1	subgenomic	305	0	+	1	138960	139264		0
KX816814.1	subgenomic	302	0	+	1	138963	139263		0
KX816815.1	subgenomic	299	0	+	1	138966	139262		0
KX816816.1	subgenomic	305	0	+	1	138960	139264		0
KX816817.1	subgenomic	305	0	+	1	138960	139264		0
KX816818.1	subgenomic	305	0	+	1	138960	139264		0
KX816819.1	subgenomic	305	0	+	1	138960	139264		0
KX816820.1	subgenomic	305	0	+	1	138960	139264		0
KX816821.1	subgenomic	305	0	+	1	138960	139264		0
KX816822.1	subgenomic	305	0	+	1	138960	139264		0
KX816823.1	subgenomic	305	0	+	1	138960	139264		0
KX816824.1	subgenomic	305	0	+	1	138960	139264		0
KX816825.1	subgenomic	302	0	+	1	138963	139263		0
KX816826.1	subgenomic	305	0	+	1	138960	139264		0
KX816827.1	subgenomic	302	0	+	1	138963	139263		0
KX816828.1	subgenomic	305	0	+	1	138960	139264		0
KX816829.1	subgenomic	305	0	+	1	138960	139264		0
KX816830.1	subgenomic	305	0	+	1	138960	139264		0
KX816831.1	subgenomic	302	0	+	1	138963	139263		0
KX816832.1	subgenomic	305	0	+	1	138960	139264		0
KX816833.1	subgenomic	302	0	+	1	138963	139263		0
KX816834.1	subgenomic	305	0	+	1	138960	139264		0
KX816835.1	subgenomic	305	0	+	1	138960	139264		0
KX816836.1	subgenomic	305	0	+	1	138960	139264		0
KY223523.1	subgenomic	1185	0	+	1	138423	139607		0
KY223524.1	subgenomic	1185	0	+	1	138423	139607		0
KY223525.1	subgenomic	1185	0	+	1	138423	139607		0
KY223526.1	subgenomic	1185	0	+	1	138423	139607		0
KY223527.1	subgenomic	1185	0	+	1	138423	139607		0
KY223528.1	subgenomic	1185	0	+	1	138423	139607		0
KY223529.1	subgenomic	1185	0	+	1	138423	139607		0
KY223530.1	subgenomic	1185	0	+	1	138423	139607		0
KY223531.1	subgenomic	1185	0	+	1	138423	139607		0
KY223532.1	subgenomic	1185	0	+	1	138423	139607		0
KY223533.1	subgenomic	1185	0	+	1	138423	139607		0
KY223534.1	subgenomic	1185	0	+	1	138423	139607		0
KY223535.1	subgenomic	1185	0	+	1	138423	139607		0
KY223536.1	subgenomic	1185	0	+	1	138435	139583		0
KY223537.1	subgenomic	1185	0	+	1	138423	139607		0
KY223538.1	subgenomic	1185	0	+	1	138423	139607		0
KY223539.1	subgenomic	1185	0	+	1	138423	139607		0
KY223540.1	subgenomic	1185	0	+	1	138423	139583		0
KY223541.1	subgenomic	1185	0	+	1	138435	139583		0
KY223542.1	subgenomic	1185	0	+	1	138423	139607		0
KY223543.1	subgenomic	1185	0	+	1	138423	139607		0
KY223544.1	subgenomic	1185	0	+	1	138423	139607		0
KY223545.1	subgenomic	1185	0	+	1	138435	139583		0
KY223546.1	subgenomic	1185	0	+	1	138423	139607		0
KY223547.1	subgenomic	1185	0	+	1	138423	139607		0
KY223548.1	subgenomic	1185	0	+	1	138423	139607		0
KY223549.1	subgenomic	1185	0	+	1	138423	139607		0
KY223550.1	subgenomic	1185	0	+	1	138423	139607		0
KY223551.1	subgenomic	1185	0	+	1	138423	139607		0
KY223552.1	subgenomic	1185	0	+	1	138435	139607		0
KY223553.1	subgenomic	1185	0	+	1	138423	139607		0
KY223554.1	subgenomic	1185	0	+	1	138435	139583		0
KY223555.1	subgenomic	1185	0	+	1	138423	139607		0
KY223556.1	subgenomic	1185	0	+	1	138423	139607		0
KY223557.1	subgenomic	1185	0	+	1	138423	139607		0
KY223558.1	subgenomic	1185	0	+	1	138423	139607		0
KY223559.1	subgenomic	1185	0	+	1	138423	139607		0
KY223560.1	subgenomic	1185	0	+	1	138423	139607		0
KY223561.1	subgenomic	1185	0	+	1	138423	139607		0
KY263782.1	subgenomic	807	0	+	1	63290	64094	UL30	165
KY274362.1	subgenomic	2715	0	-	1	53081	55793		0
KY274363.1	subgenomic	2715	0	-	1	53081	55793		0
KY274364.1	subgenomic	2715	0	-	1	53081	55793		0
KY274365.1	subgenomic	2715	0	-	1	53081	55793		0
KY274366.1	subgenomic	2715	0	-	1	53081	55793		0
KY274367.1	subgenomic	2715	0	-	1	53081	55793		0
KY274368.1	subgenomic	2715	0	-	1	53081	55793		0
KY274369.1	subgenomic	2715	0	-	1	53081	55793		0
KY274370.1	subgenomic	1536	0	+	1	96312	97844		0
KY274371.1	subgenomic	1536	0	+	1	96312	97844		0
KY274372.1	subgenomic	1536	0	+	1	96312	97844		0
KY274373.1	subgenomic	1536	0	+	1	96312	97844		0
KY274374.1	subgenomic	1536	0	+	1	96312	97844		0
KY274375.1	subgenomic	1536	0	+	1	96312	97844		0
KY274376.1	subgenomic	1536	0	+	1	96312	97844		0
KY274377.1	subgenomic	1536	0	+	1	96312	97844		0
KY274378.1	subgenomic	1659	0	+	1	141247	142897		0
KY274379.1	subgenomic	1653	0	+	1	141247	142899		0
KY274380.1	subgenomic	1653	0	+	1	141247	142899		0
KY274381.1	subgenomic	1653	0	+	1	141247	142899		0
KY274382.1	subgenomic	1653	0	+	1	141247	142899		0
KY274383.1	subgenomic	1653	0	+	1	141247	142899		0
KY274384.1	subgenomic	1659	0	+	1	141247	142897		0
KY274385.1	subgenomic	1653	0	+	1	141247	142899		0
KY311566.1	subgenomic	305	0	+	1	63832	64044	UL30	34
KY447327.1	subgenomic	414	0	+	1	140326	140707		0
KY447328.1	subgenomic	417	0	+	3	140325	140688		0
KY447329.1	subgenomic	369	0	+	2	140324	140684		0
KY447330.1	subgenomic	354	0	+	2	140327	140675		0
KY447331.1	subgenomic	375	0	+	2	140326	140674		0
KY447332.1	subgenomic	375	0	+	2	140326	140668		0
KY447333.1	subgenomic	396	0	+	2	140325	140673		0
KY828122.1	subgenomic	544	0	+	1	136855	137352		0
KY828123.1	subgenomic	518	0	+	1	136898	137355		0
KY828124.1	subgenomic	577	0	+	1	136847	137420		0
KY828125.1	subgenomic	568	0	+	1	136837	137401		0
KY828126.1	subgenomic	467	0	+	1	136977	137421		0
KY828127.1	subgenomic	484	0	+	1	136902	137382		0
KY828128.1	subgenomic	527	0	+	1	136883	137407		0
KY828129.1	subgenomic	517	0	+	1	136888	137404		0
KY828130.1	subgenomic	591	0	+	1	136831	137352		0
KY828131.1	subgenomic	535	0	+	1	136926	137355		0
KY828132.1	subgenomic	598	0	+	1	136833	137354		0
KY828133.1	subgenomic	563	0	+	1	136839	137352		0
KY828134.1	subgenomic	576	0	+	1	136833	137354		0
L00036.1	subgenomic	26245	0	+	15	3	152210		0
L09242.1	subgenomic	1206	0	+	1	138423	139627		0
L09243.1	subgenomic	1216	0	+	1	138414	139614		0
L09244.1	subgenomic	1222	0	+	1	138414	139614		0
L09245.1	subgenomic	1248	0	+	1	138414	139655		0
L15437.1	subgenomic	598	0	+	1	118193	118805		0
L15438.1	subgenomic	587	0	+	1	118219	118768		0
L32018.1	subgenomic	1908	0	+	1	50810	52714		0
LC114162.1	subgenomic	1131	0	-	1	46673	47801		0
LC114163.1	subgenomic	1131	0	-	1	46673	47801		0
LC114164.1	subgenomic	1131	0	-	1	46673	47801		0
LC114165.1	subgenomic	1130	0	-	1	46673	47802		0
LC114166.1	subgenomic	1130	0	-	1	46673	47802		0
LC114167.1	subgenomic	1130	0	-	1	46673	47802		0
LC114168.1	subgenomic	1130	0	-	1	46673	47802		0
LC114169.1	subgenomic	1130	0	-	1	46673	47802		0
LC114170.1	subgenomic	1130	0	-	1	46673	47802		0
LC114171.1	subgenomic	1130	0	-	1	46673	47802		0
LC114172.1	subgenomic	1130	0	-	1	46673	47802		0
LC114173.1	subgenomic	1130	0	-	1	46673	47802		0
LC114174.1	subgenomic	1130	0	-	1	46673	47802		0
LC114175.1	subgenomic	1131	0	-	1	46673	47789		0
LC114176.1	subgenomic	1131	0	-	1	46673	47789		0
LC114177.1	subgenomic	1131	0	-	1	46673	47801		0
LC114178.1	subgenomic	1131	0	-	1	46673	47801		0
LC114179.1	subgenomic	1131	0	-	1	46673	47801		0
LC114180.1	subgenomic	1131	0	-	1	46673	47801		0
LC114181.1	subgenomic	1131	0	-	1	46673	47801		0
LC114182.1	subgenomic	1131	0	-	1	46673	47801		0
LC114183.1	subgenomic	1131	0	-	1	46673	47801		0
LC114184.1	subgenomic	1131	0	-	1	46673	47801		0
LC114185.1	subgenomic	3708	0	+	1	62807	66511	UL30	794
LC114186.1	subgenomic	3708	0	+	1	62807	66511	UL30	794
LC114187.1	subgenomic	3708	0	+	1	62807	66511	UL30	794
LC114188.1	subgenomic	3708	0	+	1	62807	66511	UL30	794
LC114189.1	subgenomic	3708	0	+	1	62807	66511	UL30	794
LC114190.1	subgenomic	3708	0	+	1	62807	66511	UL30	794
LC114191.1	subgenomic	3708	0	+	1	62807	66511	UL30	794
LC114192.1	subgenomic	3708	0	+	1	62807	66511	UL30	794
LC114193.1	subgenomic	3708	0	+	1	62807	66511	UL30	794
LC114194.1	subgenomic	3708	0	+	1	62807	66511	UL30	794
LC114195.1	subgenomic	3708	0	+	1	62807	66511	UL30	794
LC114196.1	subgenomic	3708	0	+	1	62807	66511	UL30	794
LC114197.1	subgenomic	3708	0	+	1	62807	66511	UL30	794
LC114198.1	subgenomic	3708	0	+	1	62807	66511	UL30	794
LC114199.1	subgenomic	3708	0	+	1	62807	66511	UL30	794
LC114200.1	subgenomic	3708	0	+	1	62807	66511	UL30	794
LC114201.1	subgenomic	3708	0	+	1	62807	66511	UL30	794
LC114202.1	subgenomic	3708	0	+	1	62807	66511	UL30	794
LC114203.1	subgenomic	3708	0	+	1	62807	66511	UL30	794
LC114204.1	subgenomic	3708	0	+	1	62807	66511	UL30	794
LC114205.1	subgenomic	3708	0	+	1	62807	66511	UL30	794
LC114206.1	subgenomic	3708	0	+	1	62807	66511	UL30	794
LC114207.1	subgenomic	3708	0	+	1	62807	66511	UL30	794
LC114208.1	subgenomic	3708	0	+	1	62807	66511	UL30	794
LC127068.1	subgenomic	1131	0	-	1	46673	47801		0
LC127069.1	subgenomic	1131	0	-	1	46673	47801		0
LC127070.1	subgenomic	1131	0	-	1	46673	47801		0
LC127071.1	subgenomic	1131	0	-	1	46673	47801		0
LC127072.1	subgenomic	1131	0	-	1	46673	47801		0
LC127073.1	subgenomic	1131	0	-	1	46673	47801		0
LC127074.1	subgenomic	1131	0	-	1	46673	47801		0
LC127075.1	subgenomic	1131	0	-	1	46673	47801		0
LC127076.1	subgenomic	3708	0	+	1	62807	66511	UL30	794
LC127077.1	subgenomic	3708	0	+	1	62807	66511	UL30	794
LC127078.1	subgenomic	3708	0	+	1	62807	66511	UL30	794
LC127079.1	subgenomic	3708	0	+	1	62807	66511	UL30	794
LC127080.1	subgenomic	3708	0	+	1	62807	66511	UL30	794
LC127081.1	subgenomic	3708	0	+	1	62807	66511	UL30	794
LC127082.1	subgenomic	3708	0	+	1	62807	66511	UL30	794
LC127083.1	subgenomic	3708	0	+	1	62807	66511	UL30	794
LC613247.1	subgenomic	2649	0	-	1	12492	15132	UL5	480
LC613248.1	subgenomic	2253	0	-	1	18225	20477		0
LC613249.1	subgenomic	3177	0	+	1	109049	112225	UL52	673
LC629433.1	subgenomic	152	0	+	1	64210	64330	UL30	23
LC629434.1	subgenomic	149	0	+	1	64265	64337	UL30	12
LC629435.1	subgenomic	158	0	+	1	64210	64334	UL30	23
LC635546.1	subgenomic	2649	0	-	1	12492	15132	UL5	480
LC635547.1	subgenomic	2649	0	-	1	12492	15132	UL5	480
LC635548.1	subgenomic	2649	0	-	1	12492	15132	UL5	480
LC635549.1	subgenomic	2649	0	-	1	12492	15132	UL5	480
LC635550.1	subgenomic	2649	0	-	1	12492	15132	UL5	480
LC635551.1	subgenomic	2649	0	-	1	12492	15132	UL5	480
LC635552.1	subgenomic	3177	0	+	1	109049	112225	UL52	673
LC635553.1	subgenomic	3177	0	+	1	109049	112225	UL52	673
LC635554.1	subgenomic	3177	0	+	1	109049	112225	UL52	673
LC635555.1	subgenomic	3177	0	+	1	109049	112225	UL52	673
LC635556.1	subgenomic	3177	0	+	1	109049	112225	UL52	673
LC635557.1	subgenomic	3177	0	+	1	109049	112225	UL52	673
LC782742.1	subgenomic	3708	0	+	1	62807	66511	UL30	794
LC782743.1	subgenomic	3708	0	+	1	62807	66511	UL30	794
LC782744.1	subgenomic	3708	0	+	1	62807	66511	UL30	794
LC782745.1	subgenomic	3708	0	+	1	62807	66511	UL30	794
LC782746.1	subgenomic	3708	0	+	1	62807	66511	UL30	794
LC782747.1	subgenomic	3708	0	+	1	62807	66511	UL30	794
LC782748.1	subgenomic	3708	0	+	1	62807	66511	UL30	794
LC833868.1	subgenomic	3591	0	-	1	58464	62052	UL29	783
LT576866.1	subgenomic	140006	1825	+	29	1060	145926	RL2|UL19|UL29|UL30|UL5|UL52|UL54	4545
LT576867.1	subgenomic	140963	1101	+	22	299	152204	RL2|UL19|UL29|UL30|UL5|UL52|UL54	4777
LT576868.1	subgenomic	132541	1101	+	30	1081	145704	RL2|UL19|UL29|UL30|UL5|UL52|UL54	4610
LT576869.1	subgenomic	140475	1003	+	30	1848	150354	RL2|UL19|UL29|UL30|UL5|UL52|UL54	4777
LT576870.1	subgenomic	144265	1301	+	33	3026	151074	RL2|UL19|UL29|UL30|UL5|UL52|UL54	4777
LT576871.1	subgenomic	139698	2184	+	26	3072	145711	RL2|UL19|UL29|UL30|UL5|UL52|UL54	4574
LT608134.1	subgenomic	142390	3250	+	44	1681	150261	RL2|UL19|UL29|UL30|UL5|UL52|UL54	4590
LT837521.1	subgenomic	134	0	-	1	138318	138374		0
LT837522.1	subgenomic	200	0	+	1	138320	138372		0
LT837523.1	subgenomic	190	0	+	1	138279	138371		0
M10409.1	subgenomic	105	0	-	1	47928	48000		0
M10792.1	subgenomic	4435	0	+	1	62229	66659	UL30	794
M10963.1	subgenomic	422	0	-	5	29	152217		0
M11040.1	subgenomic	1062	0	+	2	150812	151779		0
M11316.1	subgenomic	2041	0	+	1	111286	113284	UL52	177
M11414.1	subgenomic	150	0	-	1	46578	46710		0
M12240.1	subgenomic	1794	0	+	11	349	152208		0
M12262.1	subgenomic	661	1	-	2	143486	144280		0
M12474.1	subgenomic	371	0	-	1	40764	41136		0
M13884.1	subgenomic	100	0	-	2	27	151902		0
M13885.1	subgenomic	316	10	-	6	27	152220		0
M14128.1	subgenomic	384	0	+	1	95980	96359		0
M14164.1	subgenomic	6098	0	-	1	52589	58706	UL29	62
M14214.1	subgenomic	502	0	+	1	87426	87726		0
M14884.1	subgenomic	6411	0	-	1	41449	47859		0
M15234.1	subgenomic	200	0	-	1	47861	48053		0
M15242.1	subgenomic	342	0	-	1	118203	118495		0
M15621.1	subgenomic	7241	0	-	1	98664	105910		0
M16610.1	subgenomic	1337	0	+	1	111992	113328	UL52	27
M16977.1	subgenomic	477	0	-	1	105063	105536		0
M17921.1	subgenomic	2403	0	+	2	119370	121568	RL2	169
M18174.1	subgenomic	426	0	+	1	62229	62653		0
M18410.1	subgenomic	3518	0	+	1	86410	89926		0
M19732.1	subgenomic	289	0	-	1	107023	107311		0
M20164.1	subgenomic	335	0	-	1	8662	8836		0
M20165.1	subgenomic	4420	0	-	1	58241	62656	UL29	783
M21629.1	subgenomic	9756	0	-	1	52589	62346	UL29	783
M22021.1	subgenomic	240	0	+	1	116936	117172		0
M22022.1	subgenomic	333	0	+	2	117016	120906	RL2	1
M22023.1	subgenomic	200	0	+	1	120619	120695		0
M22745.1	subgenomic	228	0	+	1	90828	91053		0
M22962.1	subgenomic	2098	0	+	1	84115	86218		0
M24357.1	subgenomic	457	0	+	7	132350	132806		0
M25603.1	subgenomic	162	0	-	1	47912	48064		0
M29344.1	subgenomic	961	0	+	2	62219	63020	UL30	53
M33699.1	subgenomic	1399	0	+	11	429	1732		0
M33700.1	subgenomic	1346	0	+	6	392	1733		0
M33701.1	subgenomic	1367	0	+	7	388	1732		0
M34532.1	subgenomic	591	0	+	1	124485	125066		0
M57646.1	subgenomic	473	0	+	1	84069	84549		0
M62932.1	subgenomic	393	0	+	1	69161	69553		0
M90438.1	subgenomic	6593	0	+	2	113323	123468	RL2|UL54	892
MF093721.1	subgenomic	1208	0	-	1	46653	47857		0
MF093722.1	subgenomic	1209	0	-	1	46652	47860		0
MF093723.1	subgenomic	1193	0	-	1	46653	47848		0
MF093724.1	subgenomic	3928	0	+	1	62640	66563	UL30	794
MF093725.1	subgenomic	3908	0	+	1	62640	66542	UL30	794
MF093726.1	subgenomic	3889	0	+	1	62640	66527	UL30	794
MF319970.1	subgenomic	452	0	+	1	140327	140784		0
MF319971.1	subgenomic	530	0	+	2	140258	140786		0
MF319972.1	subgenomic	437	0	+	2	140351	140787		0
MF319973.1	subgenomic	494	0	+	3	140327	140786		0
MF615306.1	subgenomic	204	0	+	1	65279	65459	UL30	32
MF615307.1	subgenomic	204	0	+	1	65291	65459	UL30	29
MF615308.1	subgenomic	204	0	+	1	65275	65459	UL30	32
MF615309.1	subgenomic	204	0	+	1	65275	65471	UL30	36
MF615310.1	subgenomic	204	0	+	1	65279	65471	UL30	36
MF615311.1	subgenomic	204	0	+	1	65291	65459	UL30	29
MF615312.1	subgenomic	204	0	+	1	65291	65459	UL30	29
MF615313.1	subgenomic	204	0	+	1	65291	65459	UL30	29
MF615314.1	subgenomic	204	0	+	1	65279	65459	UL30	32
MF615315.1	subgenomic	204	0	+	1	65279	65459	UL30	32
MF615316.1	subgenomic	204	0	+	1	65279	65459	UL30	32
MF615317.1	subgenomic	204	0	+	1	65291	65459	UL30	29
MF615318.1	subgenomic	204	0	+	1	65291	65459	UL30	29
MF615319.1	subgenomic	204	0	+	1	65291	65459	UL30	29
MF615320.1	subgenomic	204	0	+	1	65287	65459	UL30	30
MF615321.1	subgenomic	204	0	+	1	65279	65459	UL30	32
MF615322.1	subgenomic	204	0	+	1	65291	65459	UL30	29
MF615323.1	subgenomic	204	0	+	1	65271	65459	UL30	33
MF615324.1	subgenomic	204	0	+	1	65291	65459	UL30	29
MF615325.1	subgenomic	204	0	+	1	65279	65471	UL30	36
MF615326.1	subgenomic	204	0	+	1	65291	65459	UL30	29
MF615327.1	subgenomic	204	0	+	1	65279	65459	UL30	32
MF615328.1	subgenomic	204	0	+	1	65291	65459	UL30	29
MF615329.1	subgenomic	204	0	+	1	65291	65459	UL30	29
MF615330.1	subgenomic	204	0	+	1	65275	65459	UL30	32
MF615331.1	subgenomic	204	0	+	1	65279	65459	UL30	32
MF615332.1	subgenomic	204	0	+	1	65291	65459	UL30	29
MF615333.1	subgenomic	203	0	+	1	65279	65460	UL30	32
MF615334.1	subgenomic	204	0	+	1	65291	65459	UL30	29
MF615335.1	subgenomic	204	0	+	1	65271	65459	UL30	33
MF615336.1	subgenomic	204	0	+	1	65271	65459	UL30	30
MG253634.1	subgenomic	778	0	+	1	66229	67005	UL30	54
MG253635.1	subgenomic	489	0	+	1	62775	63235	UL30	106
MG253636.1	subgenomic	299	0	+	1	64155	64451	UL30	44
MG253637.1	subgenomic	4219	0	+	1	62807	67017	UL30	794
MG253638.1	subgenomic	217	0	+	1	65261	65473	UL30	38
MG386501.1	subgenomic	1173	0	+	2	139789	140961		0
MG705188.1	subgenomic	292	0	+	1	141492	141780		0
MG705189.1	subgenomic	196	0	+	1	141582	141754		0
MG705190.1	subgenomic	190	0	+	1	141500	141688		0
MG705191.1	subgenomic	133	0	+	1	141546	141674		0
MG705192.1	subgenomic	173	0	+	1	141581	141733		0
MG705193.1	subgenomic	192	0	+	1	141498	141674		0
MG705194.1	subgenomic	285	0	+	1	141498	141782		0
MG705195.1	subgenomic	153	0	+	1	141581	141733		0
MG705196.1	subgenomic	150	0	+	1	141584	141732		0
MG705197.1	subgenomic	289	0	+	1	141499	141787		0
MG705198.1	subgenomic	204	0	+	1	141580	141780		0
MG705199.1	subgenomic	246	0	+	1	141495	141739		0
MG705200.1	subgenomic	293	0	+	1	141510	141802		0
MG705201.1	subgenomic	216	0	+	1	141477	141673		0
MG705202.1	subgenomic	286	0	+	1	141499	141783		0
MG705203.1	subgenomic	299	0	+	1	141488	141784		0
MG705204.1	subgenomic	300	0	+	1	141486	141782		0
MG705205.1	subgenomic	302	0	+	1	141490	141790		0
MG705206.1	subgenomic	191	0	+	1	141567	141755		0
MG705207.1	subgenomic	279	0	+	1	141512	141788		0
MG705208.1	subgenomic	182	0	+	1	141583	141747		0
MG705209.1	subgenomic	318	0	+	1	141485	141801		0
MG705210.1	subgenomic	322	0	+	1	141481	141801		0
MG705211.1	subgenomic	323	0	+	1	141480	141800		0
MG705212.1	subgenomic	325	0	+	1	141477	141801		0
MG705213.1	subgenomic	319	0	+	1	141480	141796		0
MG705214.1	subgenomic	327	0	+	1	141477	141801		0
MG705215.1	subgenomic	324	0	+	1	141480	141800		0
MG705216.1	subgenomic	303	0	+	1	141487	141787		0
MG705217.1	subgenomic	299	0	+	1	141491	141787		0
MG705218.1	subgenomic	310	0	+	1	141488	141796		0
MG705219.1	subgenomic	319	0	+	1	141485	141801		0
MG705220.1	subgenomic	314	0	+	1	141490	141802		0
MG705221.1	subgenomic	296	0	+	1	141494	141786		0
MG705222.1	subgenomic	324	0	+	1	141480	141800		0
MG705223.1	subgenomic	322	0	+	1	141481	141801		0
MG705224.1	subgenomic	193	0	+	1	141562	141754		0
MG705225.1	subgenomic	312	0	+	1	141480	141788		0
MG705226.1	subgenomic	315	0	+	1	141477	141789		0
MG705227.1	subgenomic	177	0	+	1	141581	141745		0
MG705228.1	subgenomic	316	0	+	1	141488	141800		0
MG705229.1	subgenomic	304	0	+	1	141488	141788		0
MG705230.1	subgenomic	327	0	+	1	141477	141801		0
MG705231.1	subgenomic	324	0	+	1	141480	141800		0
MG705232.1	subgenomic	322	0	+	1	141481	141801		0
MG705233.1	subgenomic	313	0	+	1	141490	141802		0
MG705234.1	subgenomic	303	0	+	1	141485	141785		0
MG705235.1	subgenomic	313	0	+	1	141493	141801		0
MG705236.1	subgenomic	325	0	+	1	141478	141802		0
MG705237.1	subgenomic	323	0	+	1	141481	141801		0
MG705238.1	subgenomic	323	0	+	1	141481	141801		0
MG705239.1	subgenomic	325	0	+	1	141479	141803		0
MG705240.1	subgenomic	324	0	+	1	141480	141800		0
MG705241.1	subgenomic	324	0	+	1	141480	141800		0
MG705242.1	subgenomic	325	0	+	1	141479	141803		0
MG705243.1	subgenomic	326	0	+	1	141478	141802		0
MG705244.1	subgenomic	320	0	+	1	141484	141800		0
MG705245.1	subgenomic	315	0	+	1	141489	141801		0
MG705246.1	subgenomic	304	0	+	1	141486	141786		0
MG705247.1	subgenomic	322	0	+	1	141482	141802		0
MG705248.1	subgenomic	317	0	+	1	141486	141802		0
MG705249.1	subgenomic	324	0	+	1	141480	141800		0
MG705250.1	subgenomic	318	0	+	1	141486	141802		0
MG705251.1	subgenomic	319	0	+	1	141485	141801		0
MG705252.1	subgenomic	326	0	+	1	141478	141802		0
MG705253.1	subgenomic	195	0	+	1	141560	141752		0
MG705254.1	subgenomic	328	0	+	1	141476	141800		0
MG705255.1	subgenomic	318	0	+	1	141486	141802		0
MG705256.1	subgenomic	313	0	+	1	141491	141803		0
MG705257.1	subgenomic	257	0	+	1	141546	141802		0
MG705258.1	subgenomic	426	0	+	1	136906	137330		0
MG705259.1	subgenomic	400	0	+	1	136899	137295		0
MG705260.1	subgenomic	406	0	+	1	136926	137330		0
MG705261.1	subgenomic	340	0	+	1	136935	137271		0
MG705262.1	subgenomic	341	0	+	1	136935	137275		0
MG705263.1	subgenomic	313	0	+	1	136976	137264		0
MG705264.1	subgenomic	347	0	+	1	136929	137273		0
MG705265.1	subgenomic	341	0	+	1	136935	137275		0
MG705266.1	subgenomic	350	0	+	1	136926	137274		0
MG705267.1	subgenomic	328	0	+	1	136982	137270		0
MG705268.1	subgenomic	410	0	+	1	136926	137334		0
MG705269.1	subgenomic	395	0	+	1	136926	137318		0
MG705270.1	subgenomic	349	0	+	1	136926	137274		0
MG705271.1	subgenomic	340	0	+	1	136935	137271		0
MG705272.1	subgenomic	341	0	+	1	136935	137275		0
MG705273.1	subgenomic	392	0	+	1	136935	137323		0
MG705274.1	subgenomic	397	0	+	1	136982	137326		0
MG705275.1	subgenomic	413	0	+	1	136912	137321		0
MG705276.1	subgenomic	409	0	+	1	136914	137319		0
MG705277.1	subgenomic	414	0	+	1	136908	137317		0
MG705278.1	subgenomic	401	0	+	1	136921	137318		0
MG705279.1	subgenomic	352	0	+	1	136934	137282		0
MG705280.1	subgenomic	431	0	+	1	136896	137320		0
MG705281.1	subgenomic	352	0	+	1	136934	137282		0
MG705282.1	subgenomic	373	0	+	1	136975	137335		0
MG705283.1	subgenomic	429	0	+	1	136903	137331		0
MG705284.1	subgenomic	436	0	+	1	136897	137329		0
MG705285.1	subgenomic	440	0	+	1	136893	137329		0
MG705286.1	subgenomic	427	0	+	1	136906	137330		0
MG705287.1	subgenomic	426	0	+	1	136907	137331		0
MG705288.1	subgenomic	428	0	+	1	136905	137329		0
MG705289.1	subgenomic	420	0	+	1	136906	137319		0
MG705290.1	subgenomic	391	0	+	1	136915	137300		0
MG705291.1	subgenomic	419	0	+	1	136906	137319		0
MG705292.1	subgenomic	446	0	+	1	136893	137334		0
MG705293.1	subgenomic	418	0	+	1	136905	137321		0
MG705294.1	subgenomic	415	0	+	1	136908	137320		0
MG705295.1	subgenomic	414	0	+	1	136908	137320		0
MG705296.1	subgenomic	430	0	+	1	136897	137322		0
MG705297.1	subgenomic	343	0	+	1	136939	137279		0
MG705298.1	subgenomic	429	0	+	1	136897	137325		0
MG705299.1	subgenomic	420	0	+	1	136907	137323		0
MG705300.1	subgenomic	358	0	+	1	136939	137295		0
MG705301.1	subgenomic	375	0	+	1	136976	137328		0
MG705302.1	subgenomic	371	0	+	1	136976	137324		0
MG705303.1	subgenomic	368	0	+	1	136929	137293		0
MG705304.1	subgenomic	368	0	+	1	136929	137293		0
MG705305.1	subgenomic	442	0	+	1	136893	137330		0
MG705306.1	subgenomic	198	0	+	1	136979	137175		0
MG705307.1	subgenomic	415	0	+	1	136907	137319		0
MG705308.1	subgenomic	431	0	+	1	136905	137333		0
MG705309.1	subgenomic	445	0	+	1	136896	137332		0
MG705310.1	subgenomic	421	0	+	1	136906	137326		0
MG705311.1	subgenomic	301	0	+	1	136980	137280		0
MG705312.1	subgenomic	416	0	+	1	136906	137318		0
MG705313.1	subgenomic	422	0	+	1	136914	137334		0
MG705314.1	subgenomic	421	0	+	1	136906	137326		0
MG705315.1	subgenomic	416	0	+	1	136906	137318		0
MG705316.1	subgenomic	414	0	+	1	136908	137320		0
MG705317.1	subgenomic	414	0	+	1	136908	137320		0
MG705318.1	subgenomic	430	0	+	1	136893	137321		0
MG705319.1	subgenomic	414	0	+	1	136908	137320		0
MG705320.1	subgenomic	443	0	+	1	136893	137333		0
MG705321.1	subgenomic	449	0	+	1	136893	137335		0
MG705322.1	subgenomic	425	0	+	1	136910	137334		0
MG705323.1	subgenomic	399	0	+	1	136923	137319		0
MG705324.1	subgenomic	441	0	+	1	136893	137333		0
MG705325.1	subgenomic	439	0	+	1	136903	137333		0
MG705326.1	subgenomic	422	0	+	1	136907	137321		0
MG705327.1	subgenomic	371	0	+	1	136926	137288		0
MG705328.1	subgenomic	422	0	+	1	136901	137321		0
MG705329.1	subgenomic	436	0	+	1	136901	137333		0
MG705330.1	subgenomic	419	0	+	1	136908	137324		0
MG705331.1	subgenomic	375	0	+	1	136975	137335		0
MG705332.1	subgenomic	186	0	+	3	140408	140492		0
MG705333.1	subgenomic	290	0	+	3	140278	140493		0
MG705334.1	subgenomic	355	0	+	3	140324	140601		0
MG705335.1	subgenomic	351	0	+	4	140327	140621		0
MG705336.1	subgenomic	318	0	+	4	140324	140598		0
MG705337.1	subgenomic	144	0	-	1	140326	140446		0
MG705338.1	subgenomic	214	0	+	2	140327	140495		0
MG705339.1	subgenomic	298	0	+	4	140358	140604		0
MG705340.1	subgenomic	265	0	+	3	140357	140600		0
MG705341.1	subgenomic	255	0	-	1	140324	140585		0
MG705342.1	subgenomic	291	1	+	3	140356	140611		0
MG705343.1	subgenomic	325	0	+	3	140339	140600		0
MG705344.1	subgenomic	168	0	+	1	140410	140595		0
MG705345.1	subgenomic	268	0	+	3	140356	140595		0
MG705346.1	subgenomic	267	0	+	3	140356	140595		0
MG705347.1	subgenomic	135	0	-	1	140326	140446		0
MG705348.1	subgenomic	381	0	+	2	140252	140588		0
MG705349.1	subgenomic	367	0	+	2	140254	140586		0
MG705350.1	subgenomic	392	0	+	2	140215	140587		0
MG705351.1	subgenomic	383	0	+	2	140251	140587		0
MG705352.1	subgenomic	345	0	+	3	140324	140623		0
MG705353.1	subgenomic	299	0	+	2	140327	140607		0
MG705354.1	subgenomic	299	0	+	2	140327	140611		0
MG705355.1	subgenomic	416	0	+	2	140206	140618		0
MG705356.1	subgenomic	416	0	+	2	140206	140618		0
MG705357.1	subgenomic	378	0	+	1	140215	140612		0
MG705358.1	subgenomic	387	0	+	1	140206	140611		0
MG705359.1	subgenomic	387	0	+	1	140206	140611		0
MG705360.1	subgenomic	409	0	+	2	140213	140621		0
MG705361.1	subgenomic	481	0	+	5	140206	140619		0
MG705362.1	subgenomic	380	0	-	5	140325	140614		0
MG705363.1	subgenomic	463	0	+	5	140216	140585		0
MG705364.1	subgenomic	422	0	+	5	140265	140622		0
MG705365.1	subgenomic	307	0	+	1	140303	140607		0
MG705366.1	subgenomic	299	0	+	1	140326	140619		0
MG705367.1	subgenomic	387	0	+	1	140213	140618		0
MG705368.1	subgenomic	253	0	+	2	140324	140492		0
MG705369.1	subgenomic	333	0	+	1	140254	140587		0
MG705370.1	subgenomic	339	0	+	1	140254	140587		0
MG705371.1	subgenomic	405	0	+	2	140209	140613		0
MG705372.1	subgenomic	405	0	+	2	140209	140613		0
MG705373.1	subgenomic	326	0	+	3	140327	140618		0
MG705374.1	subgenomic	306	0	+	2	140327	140619		0
MG705375.1	subgenomic	318	0	+	3	140327	140618		0
MG705376.1	subgenomic	304	0	+	2	140327	140615		0
MG705377.1	subgenomic	312	0	+	2	140325	140617		0
MG705378.1	subgenomic	267	0	-	1	140325	140586		0
MG705379.1	subgenomic	352	0	+	2	140251	140599		0
MG705380.1	subgenomic	387	0	+	1	140213	140618		0
MG705381.1	subgenomic	381	0	+	2	140252	140620		0
MG705382.1	subgenomic	215	0	+	2	140370	140582		0
MG705383.1	subgenomic	205	0	+	2	140408	140588		0
MG705384.1	subgenomic	156	0	+	2	140411	140492		0
MG705385.1	subgenomic	393	0	+	1	140209	140622		0
MG705386.1	subgenomic	295	0	+	1	140327	140620		0
MG705387.1	subgenomic	194	0	+	3	140410	140583		0
MG705388.1	subgenomic	375	0	+	2	140268	140587		0
MG705389.1	subgenomic	459	0	+	3	140213	140585		0
MG705390.1	subgenomic	455	0	+	3	140214	140618		0
MG705391.1	subgenomic	464	0	+	3	140209	140617		0
MG705392.1	subgenomic	456	0	+	3	140213	140617		0
MG705393.1	subgenomic	360	0	+	3	140326	140618		0
MG705394.1	subgenomic	319	0	+	2	140325	140617		0
MG705395.1	subgenomic	426	0	+	3	140216	140619		0
MG705396.1	subgenomic	430	0	+	3	140213	140620		0
MG705397.1	subgenomic	322	0	+	2	140325	140621		0
MG705398.1	subgenomic	332	0	+	3	140327	140586		0
MG705399.1	subgenomic	334	0	+	3	140325	140588		0
MG705400.1	subgenomic	278	0	+	2	140324	140492		0
MG705401.1	subgenomic	324	0	-	2	140324	140620		0
MG705402.1	subgenomic	324	0	+	2	140324	140620		0
MG705403.1	subgenomic	225	0	+	3	140324	140483		0
MG705404.1	subgenomic	457	0	+	4	140206	140620		0
MG705405.1	subgenomic	127	0	-	1	12287	12411		0
MG705406.1	subgenomic	176	0	-	1	12229	12401		0
MG705407.1	subgenomic	179	0	-	1	12227	12403		0
MG705408.1	subgenomic	222	0	-	1	12198	12418		0
MG705409.1	subgenomic	147	0	-	1	12251	12395		0
MG705410.1	subgenomic	150	0	-	1	12214	12362		0
MG705411.1	subgenomic	161	0	-	1	12201	12361		0
MG705413.1	subgenomic	165	0	-	1	12199	12363		0
MG705414.1	subgenomic	150	0	-	1	12200	12348		0
MG705415.1	subgenomic	192	0	-	1	12232	12420		0
MG705416.1	subgenomic	132	0	-	1	12239	12367		0
MG705417.1	subgenomic	178	0	-	1	12229	12405		0
MG705418.1	subgenomic	156	0	-	1	12182	12334		0
MG705419.1	subgenomic	123	0	-	1	12306	12394		0
MG705420.1	subgenomic	154	0	-	1	12184	12336		0
MG705421.1	subgenomic	216	0	-	1	12182	12394		0
MG705422.1	subgenomic	216	0	-	1	12188	12400		0
MG705423.1	subgenomic	239	0	-	1	12183	12419		0
MG705424.1	subgenomic	236	0	-	1	12188	12420		0
MG705425.1	subgenomic	240	0	-	1	12180	12416		0
MG705426.1	subgenomic	243	0	-	1	12180	12420		0
MG705427.1	subgenomic	238	0	-	1	12180	12416		0
MG705428.1	subgenomic	240	0	-	1	12180	12416		0
MG705429.1	subgenomic	243	0	-	1	12180	12420		0
MG705430.1	subgenomic	244	0	-	1	12180	12420		0
MG705431.1	subgenomic	243	0	-	1	12183	12419		0
MG705432.1	subgenomic	233	0	-	1	12190	12422		0
MG705433.1	subgenomic	226	0	-	1	12191	12415		0
MG705434.1	subgenomic	245	0	-	1	12183	12423		0
MG705435.1	subgenomic	243	0	-	1	12183	12419		0
MG705436.1	subgenomic	232	0	-	1	12183	12407		0
MG705437.1	subgenomic	246	0	-	1	12183	12423		0
MG705438.1	subgenomic	248	0	-	1	12183	12423		0
MG705439.1	subgenomic	235	0	-	1	12182	12414		0
MG705440.1	subgenomic	198	0	-	1	12202	12398		0
MG705441.1	subgenomic	188	0	-	1	12202	12386		0
MG705442.1	subgenomic	240	0	-	1	12180	12416		0
MG705443.1	subgenomic	240	0	-	1	12180	12416		0
MG705444.1	subgenomic	221	0	-	1	12191	12411		0
MG705445.1	subgenomic	221	0	-	1	12191	12411		0
MG705446.1	subgenomic	101	0	-	1	12278	12378		0
MG705447.1	subgenomic	199	0	-	1	12180	12376		0
MG705448.1	subgenomic	241	0	-	1	12180	12420		0
MG705449.1	subgenomic	203	0	-	1	12201	12401		0
MG705450.1	subgenomic	247	0	-	1	12183	12423		0
MG705451.1	subgenomic	235	0	-	1	12190	12422		0
MG705452.1	subgenomic	247	0	-	1	12183	12423		0
MG705453.1	subgenomic	237	0	-	1	12182	12418		0
MG705454.1	subgenomic	238	0	-	1	12182	12418		0
MG705455.1	subgenomic	238	0	-	1	12182	12418		0
MG705456.1	subgenomic	246	0	-	1	12183	12423		0
MG705457.1	subgenomic	240	0	-	1	12181	12417		0
MG705458.1	subgenomic	237	0	-	1	12182	12418		0
MG705459.1	subgenomic	229	0	-	1	12193	12421		0
MG705460.1	subgenomic	234	0	-	1	12193	12421		0
MG705461.1	subgenomic	245	0	-	1	12183	12423		0
MG705462.1	subgenomic	244	0	-	1	12183	12419		0
MG705463.1	subgenomic	245	0	-	1	12183	12423		0
MG705464.1	subgenomic	242	0	-	1	12180	12420		0
MG705465.1	subgenomic	244	0	-	1	12180	12420		0
MG705466.1	subgenomic	236	0	-	1	12193	12421		0
MG705467.1	subgenomic	248	0	-	1	12183	12423		0
MG705468.1	subgenomic	243	0	-	1	12183	12419		0
MG705469.1	subgenomic	244	0	-	1	12180	12420		0
MG705470.1	subgenomic	244	0	-	1	12180	12420		0
MG705471.1	subgenomic	202	0	-	1	12180	12380		0
MG705472.1	subgenomic	239	0	-	1	12182	12418		0
MG705473.1	subgenomic	171	0	-	1	12253	12421		0
MG705474.1	subgenomic	185	0	-	1	12226	12410		0
MG705475.1	subgenomic	172	0	-	1	12248	12416		0
MG705476.1	subgenomic	206	0	-	1	47436	47640		0
MG705477.1	subgenomic	193	0	-	1	47436	47628		0
MG705478.1	subgenomic	208	0	-	1	47436	47640		0
MG705479.1	subgenomic	206	0	-	1	47436	47640		0
MG705480.1	subgenomic	206	0	-	1	47436	47640		0
MG705481.1	subgenomic	207	0	-	1	47436	47640		0
MG705482.1	subgenomic	206	0	-	1	47437	47641		0
MG705484.1	subgenomic	207	0	-	1	47435	47639		0
MG705485.1	subgenomic	208	0	-	1	47435	47639		0
MG705486.1	subgenomic	197	0	-	1	47436	47632		0
MG705487.1	subgenomic	208	0	-	1	47435	47639		0
MG705488.1	subgenomic	207	0	-	1	47436	47640		0
MG705489.1	subgenomic	207	0	-	1	47436	47640		0
MG705490.1	subgenomic	229	0	-	1	47422	47630		0
MG705491.1	subgenomic	221	0	-	1	47430	47630		0
MG705492.1	subgenomic	117	0	-	1	47542	47630		0
MG705493.1	subgenomic	209	0	-	1	47430	47630		0
MG705494.1	subgenomic	243	0	-	1	47418	47658		0
MG705495.1	subgenomic	245	0	-	1	47418	47658		0
MG705496.1	subgenomic	236	0	-	1	47427	47659		0
MG705497.1	subgenomic	216	0	-	1	47434	47630		0
MG705498.1	subgenomic	157	0	-	1	47540	47660		0
MG705499.1	subgenomic	241	0	-	1	47420	47660		0
MG705500.1	subgenomic	241	0	-	1	47420	47660		0
MG705501.1	subgenomic	245	0	-	1	47418	47658		0
MG705502.1	subgenomic	245	0	-	1	47418	47658		0
MG705503.1	subgenomic	200	0	-	1	47441	47629		0
MG705504.1	subgenomic	245	0	-	1	47418	47658		0
MG705505.1	subgenomic	245	0	-	1	47417	47661		0
MG705506.1	subgenomic	146	0	-	1	47513	47657		0
MG705507.1	subgenomic	245	0	-	1	47418	47658		0
MG705508.1	subgenomic	245	0	-	1	47418	47658		0
MG705509.1	subgenomic	239	0	-	1	47420	47632		0
MG705510.1	subgenomic	218	0	-	1	47432	47632		0
MG705511.1	subgenomic	243	0	-	1	47419	47659		0
MG705512.1	subgenomic	240	0	-	1	47419	47631		0
MG705513.1	subgenomic	231	0	-	1	47420	47632		0
MG705514.1	subgenomic	242	0	-	1	47420	47660		0
MG705515.1	subgenomic	240	0	-	1	47419	47631		0
MG705516.1	subgenomic	243	0	-	1	47419	47659		0
MG705517.1	subgenomic	216	0	-	1	47440	47632		0
MG705518.1	subgenomic	239	0	-	1	47420	47632		0
MG705519.1	subgenomic	207	0	-	1	47438	47642		0
MG705520.1	subgenomic	245	0	-	1	47418	47658		0
MG705521.1	subgenomic	245	0	-	1	47418	47658		0
MG705522.1	subgenomic	244	0	-	1	47419	47659		0
MG705523.1	subgenomic	246	0	-	1	47416	47660		0
MG705524.1	subgenomic	179	0	-	1	47482	47658		0
MG705525.1	subgenomic	241	0	-	1	47420	47660		0
MG705526.1	subgenomic	244	0	-	1	47418	47658		0
MG705527.1	subgenomic	228	0	-	1	47435	47659		0
MG705528.1	subgenomic	246	0	-	1	47416	47660		0
MG705529.1	subgenomic	246	0	-	1	47417	47661		0
MG705530.1	subgenomic	244	0	-	1	47418	47658		0
MG705531.1	subgenomic	244	0	-	1	47418	47658		0
MG705532.1	subgenomic	246	0	-	1	47417	47661		0
MG705533.1	subgenomic	244	0	-	1	47418	47658		0
MG705534.1	subgenomic	245	0	-	1	47417	47661		0
MG705535.1	subgenomic	245	0	-	1	47418	47658		0
MG705536.1	subgenomic	244	3	-	1	47418	47658		0
MG705537.1	subgenomic	244	0	-	1	47418	47658		0
MG705538.1	subgenomic	245	0	-	1	47417	47661		0
MG705539.1	subgenomic	246	0	-	1	47416	47660		0
MG705540.1	subgenomic	154	0	-	1	47465	47617		0
MG705541.1	subgenomic	245	0	-	1	47417	47661		0
MG705542.1	subgenomic	156	0	-	1	47463	47615		0
MG705543.1	subgenomic	213	0	-	1	47450	47658		0
MG705544.1	subgenomic	240	0	-	1	47418	47630		0
MH247241.1	subgenomic	3793	0	+	1	62777	66569	UL30	794
MH247242.1	subgenomic	3770	0	+	1	62803	66571	UL30	794
MH247243.1	subgenomic	3807	1	+	1	62773	66569	UL30	790
MH247244.1	subgenomic	3786	0	+	1	62781	66565	UL30	794
MH247245.1	subgenomic	3809	1	+	1	62775	66571	UL30	788
MH247246.1	subgenomic	3770	0	+	1	62797	66565	UL30	794
MH247247.1	subgenomic	3789	0	+	1	62778	66566	UL30	794
MH247248.1	subgenomic	3723	0	+	1	62799	66519	UL30	794
MH247249.1	subgenomic	3791	0	+	1	62781	66569	UL30	794
MH247250.1	subgenomic	3786	0	+	1	62779	66566	UL30	794
MH247251.1	subgenomic	3801	0	+	1	62775	66571	UL30	794
MH247252.1	subgenomic	3811	0	+	1	62775	66571	UL30	794
MH247253.1	subgenomic	3819	1	+	1	62800	66572	UL30	787
MH247254.1	subgenomic	3811	0	+	1	62775	66567	UL30	794
MH247255.1	subgenomic	3809	0	+	1	62774	66574	UL30	794
MH247256.1	subgenomic	3802	1	+	1	62773	66569	UL30	785
MH247257.1	subgenomic	3786	1	+	1	62774	66542	UL30	788
MH349486.1	subgenomic	1208	0	-	1	46653	47857		0
MH349487.1	subgenomic	1185	0	-	1	46666	47850		0
MH349488.1	subgenomic	1199	0	-	1	46652	47820		0
MH349489.1	subgenomic	1197	0	-	1	46681	47849		0
MH349490.1	subgenomic	1195	0	-	1	46652	47820		0
MH349491.1	subgenomic	1186	2	-	1	46654	47822		0
MH349492.1	subgenomic	1148	0	-	1	46656	47800		0
MH349493.1	subgenomic	1150	0	-	1	46653	47778		0
MH349494.1	subgenomic	1149	0	-	1	46655	47779		0
MH349495.1	subgenomic	1076	0	-	1	46657	47729		0
MH349496.1	subgenomic	1086	0	-	1	46648	47731		0
MH349497.1	subgenomic	1082	1	-	1	46651	47731		0
MH349498.1	subgenomic	1080	0	-	1	46652	47729		0
MH363657.1	subgenomic	1203	0	-	1	46650	47822		0
MH363658.1	subgenomic	1183	0	-	1	46655	47823		0
MH363659.1	subgenomic	1188	0	-	1	46652	47820		0
MH480513.1	subgenomic	138790	0	+	58	419	151871	RL2|UL19|UL29|UL30|UL5|UL52|UL54	4529
MH697450.1	subgenomic	1131	0	-	1	46673	47801		0
MH697451.1	subgenomic	1131	0	-	1	46673	47801		0
MH697452.1	subgenomic	1130	0	-	1	46681	47786		0
MH697453.1	subgenomic	1131	0	-	1	46673	47801		0
MH697454.1	subgenomic	1131	0	-	1	46673	47785		0
MH697455.1	subgenomic	1131	0	-	1	46673	47785		0
MH697456.1	subgenomic	1130	0	-	1	46681	47802		0
MH697457.1	subgenomic	1131	0	-	1	46673	47801		0
MH697458.1	subgenomic	1131	0	-	1	46681	47801		0
MH697459.1	subgenomic	1130	0	-	1	46681	47802		0
MH697460.1	subgenomic	1132	0	-	1	46681	47800		0
MH697461.1	subgenomic	1131	0	-	1	46673	47801		0
MH697462.1	subgenomic	1131	0	-	1	46681	47785		0
MH697463.1	subgenomic	1131	0	-	1	46681	47785		0
MH697464.1	subgenomic	1131	0	-	1	46681	47785		0
MH697465.1	subgenomic	1131	0	-	1	46673	47801		0
MH697466.1	subgenomic	1075	0	-	1	46681	47733		0
MH697467.1	subgenomic	1131	0	-	1	46673	47801		0
MH697468.1	subgenomic	1130	0	-	1	46673	47802		0
MH697469.1	subgenomic	1131	0	-	1	46673	47777		0
MH697470.1	subgenomic	1131	0	-	1	46673	47777		0
MH697471.1	subgenomic	1131	1	-	1	46681	47801		0
MH697472.1	subgenomic	1131	0	-	1	46673	47801		0
MH697473.1	subgenomic	1131	0	-	1	46673	47801		0
MH697474.1	subgenomic	1131	0	-	1	46673	47801		0
MH697475.1	subgenomic	1131	0	-	1	46673	47801		0
MH697476.1	subgenomic	1132	0	-	1	46673	47800		0
MH697477.1	subgenomic	1131	0	-	1	46681	47785		0
MH697478.1	subgenomic	1131	0	-	1	46681	47785		0
MH697479.1	subgenomic	1132	0	-	1	46685	47800		0
MH697480.1	subgenomic	1131	0	-	1	46673	47801		0
MH697509.1	subgenomic	3708	0	+	1	62807	66511	UL30	794
MH697510.1	subgenomic	3708	0	+	1	62807	66511	UL30	794
MH697511.1	subgenomic	3708	0	+	1	62807	66511	UL30	794
MH697512.1	subgenomic	3708	0	+	1	62807	66511	UL30	794
MH697513.1	subgenomic	3708	0	+	1	62807	66511	UL30	794
MH697514.1	subgenomic	3708	0	+	1	62807	66511	UL30	794
MH697515.1	subgenomic	3708	2	+	1	62807	66511	UL30	776
MH697516.1	subgenomic	3708	0	+	1	62827	66511	UL30	791
MH697517.1	subgenomic	3708	0	+	1	62807	66511	UL30	794
MH697518.1	subgenomic	3708	1	+	1	62807	66511	UL30	787
MH697519.1	subgenomic	3708	0	+	1	62807	66511	UL30	794
MH697520.1	subgenomic	3708	0	+	1	62807	66511	UL30	794
MH697521.1	subgenomic	3708	0	+	1	62807	66511	UL30	794
MH697522.1	subgenomic	1816	0	+	1	64703	66511	UL30	404
MH697523.1	subgenomic	3708	0	+	1	62807	66511	UL30	794
MH697524.1	subgenomic	3708	0	+	1	62807	66511	UL30	794
MH697525.1	subgenomic	3708	0	+	1	62807	66511	UL30	794
MH697526.1	subgenomic	3708	0	+	1	62807	66511	UL30	794
MH697527.1	subgenomic	3708	0	+	1	62807	66511	UL30	794
MH697528.1	subgenomic	3708	0	+	1	62807	66511	UL30	794
MH697529.1	subgenomic	3714	1	+	1	62827	66513	UL30	783
MH697530.1	subgenomic	3708	0	+	1	62807	66511	UL30	794
MH697531.1	subgenomic	3708	0	+	1	62807	66511	UL30	794
MH697532.1	subgenomic	3708	0	+	1	62807	66511	UL30	794
MH697533.1	subgenomic	3708	0	+	1	62807	66511	UL30	794
MH724296.1	subgenomic	230	0	+	1	138849	139049		0
MH724297.1	subgenomic	211	0	+	1	138851	139049		0
MH796551.1	subgenomic	303	0	+	1	140014	140294		0
MH796552.1	subgenomic	358	0	+	1	140007	140295		0
MH796553.1	subgenomic	334	0	+	1	140015	140319		0
MH796554.1	subgenomic	209	0	+	1	136978	137180		0
MH796555.1	subgenomic	207	0	+	1	136978	137178		0
MH796556.1	subgenomic	204	0	+	1	136981	137177		0
MH988693.1	subgenomic	521	0	+	1	37384	37904	UL19	110
MH988694.1	subgenomic	521	0	+	1	37384	37904	UL19	110
MK744075.1	subgenomic	215	0	+	1	136983	137179		0
MK744076.1	subgenomic	218	0	+	1	136980	137180		0
MK744077.1	subgenomic	214	0	+	1	136976	137180		0
MK744078.1	subgenomic	209	0	+	1	136976	137180		0
MK744079.1	subgenomic	214	0	+	1	136976	137180		0
MK744080.1	subgenomic	203	0	+	1	136978	137178		0
MK744081.1	subgenomic	216	0	+	1	136983	137179		0
MK744082.1	subgenomic	215	0	+	1	136975	137179		0
MK744083.1	subgenomic	206	0	+	1	136976	137176		0
MK744084.1	subgenomic	203	0	+	1	136978	137178		0
MK744085.1	subgenomic	214	0	+	1	136976	137180		0
MK744086.1	subgenomic	215	0	+	1	136983	137179		0
MK744087.1	subgenomic	214	0	+	1	136976	137180		0
MK744088.1	subgenomic	356	0	+	1	140008	140296		0
MK744089.1	subgenomic	358	0	+	1	140009	140297		0
MK744090.1	subgenomic	361	0	+	1	140009	140321		0
MK744091.1	subgenomic	357	0	+	1	140010	140322		0
MK744092.1	subgenomic	358	0	+	1	140009	140297		0
MK744093.1	subgenomic	356	0	+	1	140008	140296		0
MK744094.1	subgenomic	355	0	+	1	140008	140296		0
MK744095.1	subgenomic	349	0	+	1	140009	140321		0
MK744096.1	subgenomic	346	0	+	1	140010	140322		0
MK744097.1	subgenomic	352	0	+	1	140009	140297		0
MK744098.1	subgenomic	359	0	+	1	140009	140297		0
MK744099.1	subgenomic	359	0	+	1	140009	140345		0
MK744100.1	subgenomic	358	0	+	1	140009	140321		0
MK862250.1	subgenomic	321	0	+	1	138268	138593		0
MK878593.1	subgenomic	2649	1	-	1	12484	15132	UL5	476
MK878594.1	subgenomic	2649	0	-	1	12484	15132	UL5	479
MK878595.1	subgenomic	2649	0	-	1	12484	15132	UL5	481
MK878596.1	subgenomic	2649	1	-	1	12484	15132	UL5	474
MK878597.1	subgenomic	2649	1	-	1	12484	15132	UL5	474
MK878598.1	subgenomic	2649	1	-	1	12484	15132	UL5	474
MK878599.1	subgenomic	2650	0	-	1	12483	15131	UL5	481
MK878600.1	subgenomic	2649	1	-	1	12484	15132	UL5	476
MK878601.1	subgenomic	2649	0	-	1	12484	15132	UL5	479
MK878602.1	subgenomic	2649	0	-	1	12492	15132	UL5	480
MK878603.1	subgenomic	2649	1	-	1	12484	15132	UL5	476
MK878604.1	subgenomic	2649	0	-	1	12484	15132	UL5	481
MK878605.1	subgenomic	2649	0	-	1	12484	15132	UL5	483
MK878606.1	subgenomic	2649	0	-	1	12484	15132	UL5	481
MK878607.1	subgenomic	2649	0	-	1	12484	15132	UL5	481
MK878608.1	subgenomic	2649	0	-	1	12484	15132	UL5	483
MK878609.1	subgenomic	2649	1	-	1	12484	15132	UL5	476
MK878610.1	subgenomic	2649	1	-	1	12484	15132	UL5	476
MK878611.1	subgenomic	2649	1	-	1	12484	15132	UL5	474
MK878612.1	subgenomic	2649	1	-	1	12484	15132	UL5	474
MK878613.1	subgenomic	2649	0	-	1	12484	15132	UL5	481
MK878614.1	subgenomic	2649	4	-	1	12484	15132	UL5	459
MK878615.1	subgenomic	2649	0	-	1	12484	15132	UL5	481
MK878616.1	subgenomic	2649	0	-	1	12492	15132	UL5	480
MK895980.1	subgenomic	1131	0	-	1	46673	47801		0
MK895981.1	subgenomic	1131	0	-	1	46673	47801		0
MK895982.1	subgenomic	1131	0	-	1	46681	47801		0
MK895983.1	subgenomic	1131	0	-	1	46673	47777		0
MK895984.1	subgenomic	1131	0	-	1	46673	47777		0
MK895985.1	subgenomic	1131	0	-	1	46673	47801		0
MK895986.1	subgenomic	1131	0	-	1	46673	47801		0
MK895987.1	subgenomic	1131	0	-	1	46681	47785		0
MK895988.1	subgenomic	1131	0	-	1	46681	47801		0
MK895989.1	subgenomic	1131	0	-	1	46673	47777		0
MK895990.1	subgenomic	1131	0	-	1	46673	47801		0
MK895991.1	subgenomic	1131	0	-	1	46673	47801		0
MK895992.1	subgenomic	1131	0	-	1	46673	47801		0
MK895993.1	subgenomic	1131	0	-	1	46673	47801		0
MK895994.1	subgenomic	1131	0	-	1	46673	47801		0
MK895995.1	subgenomic	1131	1	-	1	46673	47801		0
MK895996.1	subgenomic	1131	0	-	1	46673	47801		0
MK895997.1	subgenomic	1131	0	-	1	46673	47801		0
MK895998.1	subgenomic	1131	0	-	1	46673	47801		0
MK895999.1	subgenomic	1131	0	-	1	46673	47801		0
MK896000.1	subgenomic	1131	0	-	1	46673	47801		0
MK896001.1	subgenomic	1131	0	-	1	46673	47801		0
MK896002.1	subgenomic	1131	0	-	1	46673	47801		0
MK896003.1	subgenomic	1131	0	-	1	46673	47801		0
MK896004.1	subgenomic	1131	0	-	1	46673	47801		0
MK896005.1	subgenomic	1131	0	-	1	46673	47801		0
MK896006.1	subgenomic	1131	0	-	1	46673	47801		0
MK896007.1	subgenomic	1131	0	-	1	46673	47801		0
MK896008.1	subgenomic	1131	0	-	1	46673	47801		0
MK896009.1	subgenomic	1131	0	-	1	46673	47801		0
MK896010.1	subgenomic	1131	0	-	1	46673	47801		0
MK896011.1	subgenomic	1131	0	-	1	46673	47801		0
MK896012.1	subgenomic	1131	0	-	1	46673	47785		0
MK896013.1	subgenomic	1132	0	-	1	46680	47800		0
MK896014.1	subgenomic	1131	0	-	1	46673	47801		0
MK896015.1	subgenomic	1131	0	-	1	46673	47801		0
MK896016.1	subgenomic	1131	0	-	1	46673	47801		0
MK896017.1	subgenomic	1131	0	-	1	46673	47801		0
MK896018.1	subgenomic	1131	0	-	1	46673	47801		0
MK896019.1	subgenomic	1131	0	-	1	46673	47801		0
MK896020.1	subgenomic	1131	0	-	1	46673	47785		0
MK896021.1	subgenomic	1131	1	-	1	46673	47777		0
MK896022.1	subgenomic	1131	0	-	1	46673	47801		0
MK896023.1	subgenomic	1131	0	-	1	46673	47801		0
MK896024.1	subgenomic	1131	0	-	1	46673	47785		0
MK896025.1	subgenomic	1131	0	-	1	46681	47785		0
MK896026.1	subgenomic	1131	0	-	1	46673	47777		0
MK896027.1	subgenomic	1131	0	-	1	46673	47801		0
MK896028.1	subgenomic	1131	0	-	1	46673	47801		0
MK896029.1	subgenomic	1131	0	-	1	46673	47801		0
MK896030.1	subgenomic	1131	0	-	1	46673	47801		0
MK896031.1	subgenomic	1131	0	-	1	46673	47777		0
MK896032.1	subgenomic	1131	0	-	1	46681	47801		0
MK896033.1	subgenomic	1131	0	-	1	46673	47801		0
MK896034.1	subgenomic	1131	0	-	1	46673	47801		0
MK896035.1	subgenomic	1131	0	-	1	46673	47801		0
MK896036.1	subgenomic	1131	0	-	1	46673	47801		0
MK896037.1	subgenomic	1131	0	-	1	46673	47777		0
MK896038.1	subgenomic	1131	0	-	1	46673	47801		0
MK896039.1	subgenomic	1131	0	-	1	46673	47801		0
MK896040.1	subgenomic	1131	0	-	1	46673	47777		0
MK896041.1	subgenomic	1131	0	-	1	46673	47785		0
MK896042.1	subgenomic	1131	0	-	1	46673	47801		0
MK896043.1	subgenomic	1131	0	-	1	46673	47801		0
MK896044.1	subgenomic	1131	0	-	1	46681	47801		0
MK896045.1	subgenomic	1131	0	-	1	46673	47801		0
MK896046.1	subgenomic	1131	0	-	1	46673	47801		0
MK896047.1	subgenomic	1131	0	-	1	46673	47801		0
MK896048.1	subgenomic	1131	0	-	1	46673	47801		0
MK896049.1	subgenomic	1131	0	-	1	46681	47801		0
MK896050.1	subgenomic	1131	0	-	1	46673	47801		0
MK896051.1	subgenomic	1131	0	-	1	46681	47801		0
MK896052.1	subgenomic	1131	0	-	1	46673	47801		0
MK896053.1	subgenomic	1131	0	-	1	46681	47785		0
MK896054.1	subgenomic	1131	0	-	1	46673	47801		0
MK896055.1	subgenomic	1131	0	-	1	46673	47801		0
MK896056.1	subgenomic	1131	0	-	1	46681	47785		0
MK896057.1	subgenomic	1131	0	-	1	46681	47801		0
MK896058.1	subgenomic	1131	0	-	1	46673	47801		0
MK896059.1	subgenomic	1131	0	-	1	46673	47801		0
MK896060.1	subgenomic	1131	0	-	1	46673	47801		0
MK896061.1	subgenomic	1131	0	-	1	46673	47801		0
MK896062.1	subgenomic	1131	0	-	1	46673	47785		0
MK896063.1	subgenomic	1131	0	-	1	46673	47785		0
MK896064.1	subgenomic	1131	0	-	1	46673	47801		0
MK896065.1	subgenomic	1131	0	-	1	46673	47801		0
MK896066.1	subgenomic	1131	0	-	1	46673	47801		0
MK896067.1	subgenomic	1131	0	-	1	46673	47785		0
MK896068.1	subgenomic	1131	0	-	1	46673	47801		0
MK896069.1	subgenomic	1131	0	-	1	46673	47801		0
MK896070.1	subgenomic	1131	0	-	1	46673	47801		0
MK896071.1	subgenomic	1131	0	-	1	46673	47801		0
MK896072.1	subgenomic	1131	0	-	1	46673	47801		0
MK896073.1	subgenomic	1131	0	-	1	46673	47801		0
MK896074.1	subgenomic	1131	0	-	1	46673	47801		0
MK896075.1	subgenomic	1131	0	-	1	46673	47785		0
MK896076.1	subgenomic	1131	0	-	1	46673	47801		0
MK896077.1	subgenomic	1131	0	-	1	46673	47801		0
MK896078.1	subgenomic	1131	0	-	1	46681	47801		0
MK896079.1	subgenomic	1131	0	-	1	46681	47785		0
MK896080.1	subgenomic	1131	0	-	1	46673	47801		0
MK896081.1	subgenomic	1131	0	-	1	46673	47801		0
MK896082.1	subgenomic	1131	0	-	1	46673	47777		0
MK896083.1	subgenomic	1131	0	-	1	46673	47801		0
MK896084.1	subgenomic	1131	0	-	1	46681	47801		0
MK896085.1	subgenomic	1131	0	-	1	46673	47801		0
MK896086.1	subgenomic	1131	0	-	1	46673	47801		0
MK896087.1	subgenomic	1131	0	-	1	46673	47801		0
MK896088.1	subgenomic	1131	0	-	1	46681	47785		0
MK896089.1	subgenomic	1131	0	-	1	46673	47785		0
MK896090.1	subgenomic	1131	0	-	1	46673	47801		0
MK896091.1	subgenomic	1131	0	-	1	46681	47801		0
MK896092.1	subgenomic	1131	0	-	1	46673	47801		0
MK896093.1	subgenomic	1131	0	-	1	46673	47801		0
MK896094.1	subgenomic	1131	0	-	1	46673	47801		0
MK896095.1	subgenomic	1131	0	-	1	46673	47785		0
MK896096.1	subgenomic	1131	0	-	1	46673	47801		0
MK896097.1	subgenomic	1131	0	-	1	46673	47777		0
MK896098.1	subgenomic	1131	0	-	1	46673	47801		0
MK896099.1	subgenomic	1131	0	-	1	46681	47801		0
MK896100.1	subgenomic	1131	0	-	1	46673	47801		0
MK896101.1	subgenomic	1131	0	-	1	46673	47801		0
MK896102.1	subgenomic	1131	0	-	1	46673	47785		0
MK896103.1	subgenomic	1131	0	-	1	46681	47801		0
MK896104.1	subgenomic	1131	0	-	1	46673	47777		0
MK896105.1	subgenomic	1131	0	-	1	46681	47785		0
MK896106.1	subgenomic	1131	0	-	1	46681	47801		0
MK896107.1	subgenomic	1131	0	-	1	46673	47801		0
MK896108.1	subgenomic	1131	0	-	1	46673	47801		0
MK896109.1	subgenomic	1131	0	-	1	46673	47801		0
MK896110.1	subgenomic	1131	0	-	1	46681	47801		0
MK896111.1	subgenomic	1131	0	-	1	46681	47785		0
MK896112.1	subgenomic	1131	0	-	1	46681	47801		0
MK896113.1	subgenomic	1131	0	-	1	46673	47801		0
MK896114.1	subgenomic	1131	0	-	1	46673	47801		0
MK896115.1	subgenomic	1131	0	-	1	46673	47801		0
MK896116.1	subgenomic	1131	0	-	1	46681	47785		0
MK896117.1	subgenomic	1131	0	-	1	46673	47801		0
MK896118.1	subgenomic	1131	0	-	1	46673	47801		0
MK896119.1	subgenomic	1131	0	-	1	46673	47801		0
MK896120.1	subgenomic	1131	0	-	1	46673	47801		0
MK896121.1	subgenomic	1131	0	-	1	46673	47777		0
MK896122.1	subgenomic	1131	0	-	1	46673	47801		0
MK896123.1	subgenomic	1131	0	-	1	46673	47801		0
MK896124.1	subgenomic	1131	0	-	1	46673	47801		0
MK896125.1	subgenomic	1131	0	-	1	46673	47801		0
MK896126.1	subgenomic	1131	0	-	1	46673	47801		0
MK896127.1	subgenomic	1131	0	-	1	46673	47801		0
MK896128.1	subgenomic	1131	0	-	1	46673	47801		0
MK896129.1	subgenomic	1131	0	-	1	46673	47769		0
MK896130.1	subgenomic	1131	0	-	1	46673	47785		0
MK896131.1	subgenomic	1131	0	-	1	46673	47801		0
MK896132.1	subgenomic	1131	0	-	1	46673	47785		0
MK896133.1	subgenomic	1131	0	-	1	46681	47801		0
MK896134.1	subgenomic	1131	0	-	1	46673	47801		0
MK896135.1	subgenomic	1131	0	-	1	46673	47801		0
MK896136.1	subgenomic	1131	0	-	1	46681	47785		0
MK896137.1	subgenomic	1131	0	-	1	46673	47801		0
MK896138.1	subgenomic	1131	0	-	1	46681	47777		0
MK896139.1	subgenomic	1131	0	-	1	46673	47785		0
MK896140.1	subgenomic	1132	0	-	1	46672	47800		0
MK896141.1	subgenomic	1131	0	-	1	46673	47801		0
MK896142.1	subgenomic	1131	0	-	1	46673	47801		0
MK896143.1	subgenomic	1131	0	-	1	46673	47801		0
MK896144.1	subgenomic	1131	0	-	1	46673	47801		0
MK896145.1	subgenomic	1131	0	-	1	46673	47801		0
MK896146.1	subgenomic	1131	0	-	1	46673	47801		0
MK896147.1	subgenomic	1131	0	-	1	46673	47801		0
MK896148.1	subgenomic	1131	0	-	1	46673	47777		0
MK896149.1	subgenomic	1131	0	-	1	46673	47801		0
MK896150.1	subgenomic	1131	0	-	1	46673	47801		0
MK896151.1	subgenomic	1131	0	-	1	46681	47785		0
MK896152.1	subgenomic	1131	0	-	1	46673	47801		0
MK896153.1	subgenomic	1131	0	-	1	46673	47785		0
MK896154.1	subgenomic	1131	0	-	1	46673	47801		0
MK896155.1	subgenomic	1131	0	-	1	46673	47801		0
MK896156.1	subgenomic	1131	0	-	1	46681	47785		0
MK896157.1	subgenomic	1131	0	-	1	46673	47801		0
MK896158.1	subgenomic	1131	0	-	1	46681	47785		0
MK896159.1	subgenomic	1131	0	-	1	46681	47801		0
MK896160.1	subgenomic	1131	0	-	1	46673	47801		0
MK896161.1	subgenomic	1131	0	-	1	46681	47785		0
MK896162.1	subgenomic	1131	0	-	1	46673	47801		0
MK896163.1	subgenomic	1131	0	-	1	46673	47785		0
MK896164.1	subgenomic	1131	0	-	1	46673	47801		0
MK896165.1	subgenomic	1131	0	-	1	46673	47777		0
MK896166.1	subgenomic	1131	0	-	1	46673	47801		0
MK896167.1	subgenomic	1131	0	-	1	46673	47785		0
MK896168.1	subgenomic	1131	0	-	1	46673	47801		0
MK896169.1	subgenomic	1131	0	-	1	46673	47801		0
MK896170.1	subgenomic	1131	0	-	1	46673	47801		0
MK896171.1	subgenomic	1131	0	-	1	46673	47801		0
MK896172.1	subgenomic	1131	0	-	1	46673	47801		0
MK896173.1	subgenomic	1131	0	-	1	46673	47777		0
MK896174.1	subgenomic	1131	0	-	1	46681	47785		0
MK896175.1	subgenomic	1131	0	-	1	46673	47801		0
MK896176.1	subgenomic	1131	0	-	1	46673	47785		0
MK896177.1	subgenomic	1131	0	-	1	46673	47777		0
MK896178.1	subgenomic	1131	0	-	1	46681	47785		0
MK896179.1	subgenomic	1131	0	-	1	46673	47801		0
MK896180.1	subgenomic	1131	0	-	1	46673	47785		0
MK896181.1	subgenomic	1131	0	-	1	46673	47801		0
MK896182.1	subgenomic	1131	0	-	1	46673	47777		0
MK896183.1	subgenomic	1131	0	-	1	46673	47785		0
MK896184.1	subgenomic	1131	0	-	1	46673	47801		0
MK896185.1	subgenomic	1131	0	-	1	46673	47801		0
MK896186.1	subgenomic	1131	0	-	1	46673	47801		0
MK896187.1	subgenomic	1131	0	-	1	46673	47785		0
MK896188.1	subgenomic	1131	0	-	1	46681	47785		0
MK896189.1	subgenomic	1131	0	-	1	46673	47801		0
MK896190.1	subgenomic	1131	0	-	1	46673	47801		0
MK896191.1	subgenomic	1131	0	-	1	46681	47785		0
MK896192.1	subgenomic	1131	0	-	1	46673	47801		0
MK896193.1	subgenomic	1131	0	-	1	46673	47801		0
MK896194.1	subgenomic	1131	0	-	1	46673	47785		0
MK896195.1	subgenomic	1131	0	-	1	46673	47785		0
MK896196.1	subgenomic	1131	0	-	1	46673	47801		0
MK896197.1	subgenomic	1131	0	-	1	46673	47801		0
MK896198.1	subgenomic	1131	0	-	1	46689	47801		0
MK896199.1	subgenomic	1131	0	-	1	46673	47801		0
MK896200.1	subgenomic	1131	0	-	1	46673	47785		0
MK896201.1	subgenomic	1131	0	-	1	46673	47801		0
MK896202.1	subgenomic	1130	0	-	1	46673	47802		0
MK896203.1	subgenomic	1130	0	-	1	46673	47802		0
MK896204.1	subgenomic	1130	0	-	1	46673	47802		0
MK896205.1	subgenomic	1131	0	-	1	46672	47801		0
MK896206.1	subgenomic	546	0	-	1	47257	47802		0
MK896207.1	subgenomic	547	0	-	1	47280	47785		0
MK896208.1	subgenomic	264	0	-	1	47544	47800		0
MK896209.1	subgenomic	843	0	-	1	46965	47801		0
MK896210.1	subgenomic	513	0	-	1	47295	47803		0
MK896211.1	subgenomic	546	0	-	1	47257	47802		0
MK896212.1	subgenomic	528	0	-	1	47292	47800		0
MK896213.1	subgenomic	255	0	-	1	47548	47801		0
MK896214.1	subgenomic	528	0	-	1	47280	47800		0
MK896215.1	subgenomic	333	0	-	1	47472	47787		0
MK896216.1	subgenomic	333	0	-	1	47472	47803		0
MK896217.1	subgenomic	675	0	-	1	47134	47801		0
MK896218.1	subgenomic	546	0	-	1	47257	47802		0
MK935191.1	subgenomic	1701	0	+	1	64046	65746	UL30	337
MK935192.1	subgenomic	1701	0	+	1	64046	65746	UL30	337
MK935193.1	subgenomic	1701	0	+	1	64046	65746	UL30	330
MK935194.1	subgenomic	1701	0	+	1	64046	65746	UL30	337
MK935195.1	subgenomic	1701	0	+	1	64046	65746	UL30	337
MK935196.1	subgenomic	1701	0	+	1	64046	65746	UL30	337
MK935197.1	subgenomic	1701	0	+	1	64046	65746	UL30	337
MK935198.1	subgenomic	1701	0	+	1	64046	65746	UL30	337
MK935199.1	subgenomic	1701	0	+	1	64046	65746	UL30	337
MK935200.1	subgenomic	1689	0	+	1	64046	65734	UL30	334
MK935201.1	subgenomic	1701	0	+	1	64046	65746	UL30	337
MK935202.1	subgenomic	1701	0	+	1	64046	65746	UL30	337
MK935203.1	subgenomic	1701	0	+	1	64046	65746	UL30	337
MK935204.1	subgenomic	1701	0	+	1	64046	65746	UL30	330
MK935205.1	subgenomic	1701	0	+	1	64046	65746	UL30	337
MK935206.1	subgenomic	1701	0	+	1	64046	65746	UL30	337
MK935207.1	subgenomic	1701	0	+	1	64046	65746	UL30	337
MK935208.1	subgenomic	1701	0	+	1	64046	65746	UL30	337
MK935209.1	subgenomic	1701	0	+	1	64046	65746	UL30	337
MK935210.1	subgenomic	1713	0	+	1	64034	65746	UL30	338
MK935211.1	subgenomic	1701	0	+	1	64046	65746	UL30	337
MK935212.1	subgenomic	1701	0	+	1	64046	65746	UL30	337
MK935213.1	subgenomic	1701	0	+	1	64046	65746	UL30	337
MK935214.1	subgenomic	1701	0	+	1	64046	65746	UL30	331
MK935215.1	subgenomic	1701	0	+	1	64046	65746	UL30	330
MK935216.1	subgenomic	1701	0	+	1	64046	65746	UL30	337
MK935217.1	subgenomic	1701	0	+	1	64046	65746	UL30	337
MK935218.1	subgenomic	1701	0	+	1	64046	65746	UL30	337
MK935219.1	subgenomic	1701	2	+	1	64046	65746	UL30	322
MK935220.1	subgenomic	1701	0	+	1	64050	65746	UL30	327
MK935221.1	subgenomic	1701	0	+	1	64046	65746	UL30	337
MK935222.1	subgenomic	1701	0	+	1	64046	65746	UL30	337
MK935223.1	subgenomic	1701	0	+	1	64046	65746	UL30	337
MK935224.1	subgenomic	1701	0	+	1	64046	65746	UL30	337
MK935225.1	subgenomic	1701	0	+	1	64046	65746	UL30	337
MK935226.1	subgenomic	1701	0	+	1	64046	65746	UL30	337
MK935227.1	subgenomic	1701	0	+	1	64046	65746	UL30	337
MK935228.1	subgenomic	1701	0	+	1	64046	65746	UL30	337
MK935229.1	subgenomic	1701	0	+	1	64046	65746	UL30	337
MK935230.1	subgenomic	1701	0	+	1	64046	65746	UL30	337
MK935231.1	subgenomic	1701	0	+	1	64046	65746	UL30	337
MK935232.1	subgenomic	1701	0	+	1	64046	65746	UL30	337
MK935233.1	subgenomic	1701	0	+	1	64046	65746	UL30	337
MK935234.1	subgenomic	1701	0	+	1	64046	65746	UL30	337
MK935235.1	subgenomic	1701	0	+	1	64046	65746	UL30	331
MK935236.1	subgenomic	1701	0	+	1	64046	65746	UL30	337
MK935237.1	subgenomic	1701	0	+	1	64046	65746	UL30	337
MK935238.1	subgenomic	1701	0	+	1	64046	65746	UL30	330
MK935239.1	subgenomic	1701	0	+	1	64046	65746	UL30	337
MK935240.1	subgenomic	1701	0	+	1	64046	65746	UL30	337
MK935241.1	subgenomic	1701	0	+	1	64046	65746	UL30	330
MK935242.1	subgenomic	1701	0	+	1	64046	65746	UL30	337
MK935243.1	subgenomic	1701	0	+	1	64046	65746	UL30	330
MK935244.1	subgenomic	1701	0	+	1	64046	65746	UL30	337
MK935245.1	subgenomic	1701	0	+	1	64050	65746	UL30	327
MK935246.1	subgenomic	1701	0	+	1	64050	65746	UL30	327
MK935247.1	subgenomic	1701	0	+	1	64046	65746	UL30	337
MK935248.1	subgenomic	1701	0	+	1	64046	65746	UL30	337
MK935249.1	subgenomic	1701	0	+	1	64046	65746	UL30	337
MK935250.1	subgenomic	1701	0	+	1	64046	65746	UL30	337
MK935251.1	subgenomic	1701	0	+	1	64046	65746	UL30	337
MK935252.1	subgenomic	1701	0	+	1	64046	65746	UL30	337
MK935253.1	subgenomic	1701	0	+	1	64046	65746	UL30	331
MK935254.1	subgenomic	1701	0	+	1	64046	65746	UL30	337
MK935255.1	subgenomic	1701	0	+	1	64046	65746	UL30	337
MK935256.1	subgenomic	1701	0	+	1	64046	65746	UL30	337
MK935257.1	subgenomic	1701	0	+	1	64046	65746	UL30	330
MK935258.1	subgenomic	1701	0	+	1	64046	65746	UL30	337
MK935259.1	subgenomic	1701	0	+	1	64046	65746	UL30	336
MK935260.1	subgenomic	1701	0	+	1	64046	65746	UL30	337
MK935261.1	subgenomic	1701	0	+	1	64046	65746	UL30	331
MK935262.1	subgenomic	1701	0	+	1	64046	65746	UL30	337
MK935263.1	subgenomic	1593	0	+	1	64154	65746	UL30	314
MK935264.1	subgenomic	1701	0	+	1	64046	65746	UL30	330
MK935265.1	subgenomic	1701	0	+	1	64046	65746	UL30	330
MK935266.1	subgenomic	1701	0	+	1	64046	65746	UL30	337
MK935267.1	subgenomic	1701	0	+	1	64046	65746	UL30	337
MK935268.1	subgenomic	1701	0	+	1	64046	65746	UL30	330
MK935269.1	subgenomic	1701	0	+	1	64046	65746	UL30	337
MK935270.1	subgenomic	1701	0	+	1	64046	65746	UL30	337
MK935271.1	subgenomic	1701	0	+	1	64046	65746	UL30	337
MK935272.1	subgenomic	1701	0	+	1	64046	65746	UL30	337
MK935273.1	subgenomic	1701	0	+	1	64046	65746	UL30	337
MK935274.1	subgenomic	1701	0	+	1	64046	65746	UL30	337
MK935275.1	subgenomic	1701	0	+	1	64046	65746	UL30	337
MK935276.1	subgenomic	1701	0	+	1	64050	65746	UL30	327
MK935277.1	subgenomic	1701	0	+	1	64050	65746	UL30	327
MK935278.1	subgenomic	1701	0	+	1	64046	65746	UL30	330
MK935279.1	subgenomic	1701	0	+	1	64046	65746	UL30	337
MK935280.1	subgenomic	1701	0	+	1	64046	65746	UL30	337
MK935281.1	subgenomic	1701	0	+	1	64046	65746	UL30	337
MK935282.1	subgenomic	1701	0	+	1	64046	65746	UL30	337
MK935283.1	subgenomic	1701	0	+	1	64050	65746	UL30	327
MK935284.1	subgenomic	1701	0	+	1	64046	65746	UL30	331
MK935285.1	subgenomic	1701	0	+	1	64046	65746	UL30	337
MK935286.1	subgenomic	1701	1	+	1	64046	65746	UL30	332
MK935287.1	subgenomic	1701	0	+	1	64050	65746	UL30	327
MK935288.1	subgenomic	1701	0	+	1	64046	65746	UL30	334
MK935289.1	subgenomic	1701	0	+	1	64046	65746	UL30	337
MK935290.1	subgenomic	1701	0	+	1	64046	65746	UL30	331
MK935291.1	subgenomic	1701	0	+	1	64046	65726	UL30	332
MK935292.1	subgenomic	1701	0	+	1	64046	65746	UL30	334
MK935293.1	subgenomic	1701	0	+	1	64046	65746	UL30	334
MK935294.1	subgenomic	1701	0	+	1	64046	65746	UL30	337
MK935295.1	subgenomic	1701	0	+	1	64046	65746	UL30	337
MK935296.1	subgenomic	1701	0	+	1	64046	65746	UL30	337
MK935297.1	subgenomic	1701	0	+	1	64046	65746	UL30	330
MK935298.1	subgenomic	1701	0	+	1	64046	65726	UL30	332
MK935299.1	subgenomic	1701	0	+	1	64046	65746	UL30	331
MK935300.1	subgenomic	1701	0	+	1	64046	65746	UL30	331
MK935301.1	subgenomic	1701	0	+	1	64046	65746	UL30	337
MK935302.1	subgenomic	1701	0	+	1	64046	65746	UL30	336
MK935303.1	subgenomic	1701	0	+	1	64046	65746	UL30	337
MK935304.1	subgenomic	1701	0	+	1	64046	65746	UL30	331
MK935305.1	subgenomic	1701	0	+	1	64050	65746	UL30	327
MK935306.1	subgenomic	1701	0	+	1	64046	65746	UL30	337
MK935307.1	subgenomic	1701	0	+	1	64046	65746	UL30	334
MK935308.1	subgenomic	1701	0	+	1	64046	65746	UL30	337
MK935309.1	subgenomic	1701	0	+	1	64046	65746	UL30	330
MK935310.1	subgenomic	1701	0	+	1	64046	65746	UL30	337
MK935311.1	subgenomic	1701	0	+	1	64046	65746	UL30	330
MK935312.1	subgenomic	1701	0	+	1	64046	65746	UL30	337
MK935313.1	subgenomic	1701	0	+	1	64050	65746	UL30	327
MK935314.1	subgenomic	1701	0	+	1	64046	65746	UL30	330
MK935315.1	subgenomic	1701	0	+	1	64050	65746	UL30	327
MK935316.1	subgenomic	1701	0	+	1	64046	65746	UL30	337
MK935317.1	subgenomic	1701	0	+	1	64046	65746	UL30	330
MK935318.1	subgenomic	1701	0	+	1	64046	65746	UL30	337
MK935319.1	subgenomic	1701	0	+	1	64046	65746	UL30	337
MK935320.1	subgenomic	1701	0	+	1	64046	65746	UL30	337
MK935321.1	subgenomic	1701	0	+	1	64046	65746	UL30	337
MK935322.1	subgenomic	1701	0	+	1	64046	65718	UL30	331
MK935323.1	subgenomic	1701	0	+	1	64046	65746	UL30	330
MK935324.1	subgenomic	1701	0	+	1	64046	65746	UL30	337
MK935325.1	subgenomic	1701	0	+	1	64046	65746	UL30	330
MK935326.1	subgenomic	1701	0	+	1	64046	65746	UL30	336
MK935327.1	subgenomic	1701	0	+	1	64046	65746	UL30	330
MK935328.1	subgenomic	1701	0	+	1	64046	65746	UL30	337
MK935329.1	subgenomic	1701	0	+	1	64046	65746	UL30	337
MK935330.1	subgenomic	1701	0	+	1	64046	65746	UL30	337
MK935331.1	subgenomic	1701	0	+	1	64046	65746	UL30	337
MK935332.1	subgenomic	1701	0	+	1	64046	65746	UL30	331
MK935333.1	subgenomic	1701	0	+	1	64046	65746	UL30	337
MK935334.1	subgenomic	1701	0	+	1	64046	65746	UL30	330
MK935335.1	subgenomic	1701	0	+	1	64046	65746	UL30	331
MK935336.1	subgenomic	1701	0	+	1	64046	65746	UL30	331
MK935337.1	subgenomic	1701	0	+	1	64046	65746	UL30	330
MK935338.1	subgenomic	1701	0	+	1	64046	65746	UL30	330
MN166405.1	subgenomic	723	0	+	1	136755	137445		0
MN166406.1	subgenomic	723	0	+	1	136755	137445		0
MN166407.1	subgenomic	723	0	+	1	136755	137445		0
MN166408.1	subgenomic	720	0	+	1	136755	137448		0
MN166409.1	subgenomic	723	0	+	1	136755	137445		0
MN166410.1	subgenomic	720	0	+	1	136755	137448		0
MN166411.1	subgenomic	720	0	+	1	136755	137448		0
MN166412.1	subgenomic	720	0	+	1	136755	137448		0
MN166413.1	subgenomic	717	0	+	1	136755	137463		0
MN166414.1	subgenomic	723	0	+	1	136755	137445		0
MN166415.1	subgenomic	720	0	+	1	136755	137448		0
MN166416.1	subgenomic	717	0	+	1	136755	137463		0
MN166417.1	subgenomic	723	0	+	1	136755	137445		0
MN166418.1	subgenomic	726	0	+	1	136755	137446		0
MN166419.1	subgenomic	717	0	+	1	136755	137447		0
MN166420.1	subgenomic	717	0	+	1	136755	137447		0
MN166421.1	subgenomic	708	0	+	1	136755	137448		0
MN166422.1	subgenomic	717	0	+	1	136755	137447		0
MN166423.1	subgenomic	723	0	+	1	136755	137445		0
MN166424.1	subgenomic	723	0	+	1	136755	137445		0
MN166425.1	subgenomic	723	0	+	1	136755	137445		0
MN166426.1	subgenomic	717	0	+	1	136755	137447		0
MN166427.1	subgenomic	723	0	+	1	136755	137445		0
MN166428.1	subgenomic	720	0	+	1	136755	137448		0
MN166429.1	subgenomic	720	0	+	1	136755	137448		0
MN166430.1	subgenomic	720	0	+	1	136755	137448		0
MN166431.1	subgenomic	720	0	+	1	136755	137448		0
MN166432.1	subgenomic	720	0	+	1	136755	137448		0
MN166433.1	subgenomic	720	0	+	1	136755	137448		0
MN166434.1	subgenomic	717	0	+	1	136755	137447		0
MN166435.1	subgenomic	720	0	+	1	136755	137448		0
MN166436.1	subgenomic	720	0	+	1	136755	137448		0
MN166437.1	subgenomic	723	0	+	1	136755	137445		0
MN166438.1	subgenomic	717	0	+	1	136755	137447		0
MN166439.1	subgenomic	720	0	+	1	136755	137448		0
MN166440.1	subgenomic	720	0	+	1	136755	137448		0
MN166441.1	subgenomic	717	0	+	1	136755	137463		0
MW029379.1	subgenomic	149	0	+	1	65278	65426	UL30	22
MW287999.1	subgenomic	632	0	-	1	59314	59938	UL29	116
MW288000.1	subgenomic	651	0	-	1	59314	59950	UL29	117
MW288001.1	subgenomic	653	0	-	1	59314	59954	UL29	117
MW288002.1	subgenomic	653	0	-	1	59314	59954	UL29	117
MW288003.1	subgenomic	649	0	-	1	59302	59950	UL29	118
MW288004.1	subgenomic	641	0	-	1	59314	59954	UL29	117
MW288005.1	subgenomic	616	0	-	1	59316	59928	UL29	113
MW288006.1	subgenomic	653	1	-	1	59314	59950	UL29	117
MW288007.1	subgenomic	653	0	-	1	59314	59954	UL29	117
MW288008.1	subgenomic	653	0	-	1	59314	59954	UL29	117
MW288009.1	subgenomic	649	0	-	1	59314	59950	UL29	117
MW288010.1	subgenomic	653	0	-	1	59314	59954	UL29	117
MW288011.1	subgenomic	630	0	-	1	59334	59930	UL29	113
MW582652.1	subgenomic	1131	0	-	1	46673	47801		0
MW582653.1	subgenomic	1131	0	-	1	46673	47801		0
MW582654.1	subgenomic	1131	0	-	1	46673	47801		0
MW582655.1	subgenomic	1131	0	-	1	46673	47801		0
MW582656.1	subgenomic	1131	0	-	1	46673	47801		0
MW582657.1	subgenomic	1131	0	-	1	46673	47801		0
MW582658.1	subgenomic	1131	0	-	1	46673	47801		0
MW582659.1	subgenomic	1131	0	-	1	46673	47801		0
MW582660.1	subgenomic	1131	0	-	1	46673	47801		0
MW582663.1	subgenomic	1130	0	-	1	46673	47802		0
MW916900.1	subgenomic	529	0	+	1	138515	139023		0
MW940838.1	subgenomic	439	0	+	1	138952	139388		0
MZ020781.1	subgenomic	255	0	+	1	139224	139476		0
OK180984.1	subgenomic	1128	0	-	1	46676	47800		0
OK180985.1	subgenomic	1128	0	-	1	46676	47800		0
OK274284.1	subgenomic	1128	0	-	1	46676	47800		0
OK274285.1	subgenomic	1128	0	-	1	46676	47800		0
OK274286.1	subgenomic	1128	0	-	1	46676	47800		0
OK274287.1	subgenomic	1128	0	-	1	46676	47800		0
OK274288.1	subgenomic	1128	0	-	1	46676	47800		0
OK274289.1	subgenomic	1128	0	-	1	46676	47800		0
OK274290.1	subgenomic	1011	0	-	1	46682	47690		0
OK274291.1	subgenomic	1122	0	-	1	46682	47802		0
OL514323.1	subgenomic	1131	0	-	1	46681	47785		0
OL514324.1	subgenomic	1131	0	-	1	46681	47785		0
OL514325.1	subgenomic	1132	1	-	1	46681	47784		0
OL514326.1	subgenomic	1130	0	-	1	46673	47802		0
OL514327.1	subgenomic	1131	0	-	1	46673	47785		0
OL514328.1	subgenomic	1132	0	-	1	46673	47800		0
OL514329.1	subgenomic	1131	0	-	1	46681	47801		0
OL514330.1	subgenomic	1131	0	-	1	46673	47785		0
OL514331.1	subgenomic	1131	0	-	1	46673	47801		0
OL514332.1	subgenomic	1131	0	-	1	46673	47801		0
OL514333.1	subgenomic	1131	0	-	1	46673	47801		0
OL514334.1	subgenomic	1131	0	-	1	46673	47777		0
OL514335.1	subgenomic	1131	0	-	1	46681	47785		0
OL514336.1	subgenomic	1131	0	-	1	46673	47801		0
OL514337.1	subgenomic	1131	0	-	1	46673	47801		0
OL514338.1	subgenomic	1131	0	-	1	46673	47801		0
OL514339.1	subgenomic	1131	0	-	1	46673	47801		0
OL514340.1	subgenomic	1131	0	-	1	46673	47801		0
OL542697.1	subgenomic	3708	0	+	1	62807	66511	UL30	794
OL542698.1	subgenomic	3708	0	+	1	62807	66511	UL30	794
OL542699.1	subgenomic	3708	0	+	1	62807	66511	UL30	794
OL542700.1	subgenomic	3708	0	+	1	62807	66511	UL30	794
OL542701.1	subgenomic	3708	0	+	1	62807	66511	UL30	794
OL542702.1	subgenomic	3708	1	+	1	62807	66511	UL30	784
OL542703.1	subgenomic	3708	1	+	1	62807	66511	UL30	788
OL542704.1	subgenomic	3708	0	+	1	62807	66511	UL30	794
OL542705.1	subgenomic	3708	2	+	1	62807	66511	UL30	788
OL542706.1	subgenomic	3708	0	+	1	62807	66511	UL30	794
OL542707.1	subgenomic	3708	0	+	1	62807	66511	UL30	794
OL542708.1	subgenomic	3708	0	+	1	62807	66511	UL30	794
OL542709.1	subgenomic	3708	1	+	1	62807	66511	UL30	785
OL542710.1	subgenomic	3708	2	+	1	62807	66511	UL30	777
OL689428.1	subgenomic	482	0	-	1	64998	65458	UL30	87
OL689429.1	subgenomic	525	0	-	1	64955	65459	UL30	91
ON007137.1	subgenomic	135496	4	+	22	9221	145587	RL2|UL19|UL29|UL30|UL5|UL52|UL54	4694
ON007138.1	subgenomic	135522	4	+	20	9221	145589	RL2|UL19|UL29|UL30|UL5|UL52|UL54	4694
ON007141.1	subgenomic	135661	672	+	20	9213	145586	RL2|UL19|UL29|UL30|UL5|UL52|UL54	4694
ON007146.1	subgenomic	135353	1	+	23	9218	145585	RL2|UL19|UL29|UL30|UL5|UL52|UL54	4646
ON007150.1	subgenomic	135291	1	+	23	9218	145583	RL2|UL19|UL29|UL30|UL5|UL52|UL54	4646
ON007152.1	subgenomic	135651	748	+	19	9221	145588	RL2|UL19|UL29|UL30|UL5|UL52|UL54	4694
ON007159.1	subgenomic	135563	768	+	23	9221	145588	RL2|UL19|UL29|UL30|UL5|UL52|UL54	4694
ON023028.1	subgenomic	132682	11372	+	23	9218	145474	RL2|UL19|UL29|UL30|UL5|UL52|UL54	4174
ON970955.1	subgenomic	2649	0	-	1	12484	15132	UL5	483
ON970956.1	subgenomic	2649	0	-	1	12484	15132	UL5	483
ON970957.1	subgenomic	2649	0	-	1	12484	15132	UL5	483
ON970958.1	subgenomic	2649	0	-	1	12484	15132	UL5	483
ON970959.1	subgenomic	2649	0	-	1	12484	15132	UL5	483
ON970960.1	subgenomic	2649	0	-	1	12484	15132	UL5	483
ON970961.1	subgenomic	2253	0	-	1	18225	20477		0
ON970962.1	subgenomic	2253	0	-	1	18225	20477		0
ON970963.1	subgenomic	2253	0	-	1	18225	20477		0
ON970964.1	subgenomic	2253	0	-	1	18225	20477		0
ON970965.1	subgenomic	2253	0	-	1	18225	20477		0
ON970966.1	subgenomic	2253	0	-	1	18225	20477		0
ON970967.1	subgenomic	2556	0	-	1	20705	23257		0
ON970968.1	subgenomic	2556	0	-	1	20705	23257		0
ON970969.1	subgenomic	2556	0	-	1	20705	23257		0
ON970970.1	subgenomic	2556	0	-	1	20705	23257		0
ON970971.1	subgenomic	2556	0	-	1	20705	23257		0
ON970972.1	subgenomic	2556	0	-	1	20705	23257		0
ON970973.1	subgenomic	1467	0	+	1	93112	94576		0
ON970974.1	subgenomic	1467	0	+	1	93112	94576		0
ON970975.1	subgenomic	1467	0	+	1	93112	94576		0
ON970976.1	subgenomic	1467	0	+	1	93112	94576		0
ON970977.1	subgenomic	1467	0	+	1	93112	94576		0
ON970978.1	subgenomic	1467	0	+	1	93112	94576		0
ON970979.1	subgenomic	3177	0	+	1	109049	112225	UL52	673
ON970980.1	subgenomic	3177	0	+	1	109049	112225	UL52	673
ON970981.1	subgenomic	3177	0	+	1	109049	112225	UL52	673
ON970982.1	subgenomic	3177	0	+	1	109049	112225	UL52	673
ON970983.1	subgenomic	3177	0	+	1	109049	112225	UL52	673
ON970984.1	subgenomic	3177	0	+	1	109049	112225	UL52	673
ON970985.1	subgenomic	1131	0	-	1	46673	47801		0
ON970986.1	subgenomic	1131	0	-	1	46673	47801		0
ON970987.1	subgenomic	1131	0	-	1	46673	47801		0
ON970988.1	subgenomic	1131	0	-	1	46673	47801		0
ON970989.1	subgenomic	1131	0	-	1	46673	47801		0
ON970990.1	subgenomic	1131	0	-	1	46673	47801		0
ON970991.1	subgenomic	3708	0	+	1	62807	66511	UL30	794
ON970992.1	subgenomic	3708	0	+	1	62807	66511	UL30	794
ON970993.1	subgenomic	3708	0	+	1	62807	66511	UL30	794
ON970994.1	subgenomic	3708	0	+	1	62807	66511	UL30	794
ON970995.1	subgenomic	3708	0	+	1	62807	66511	UL30	794
ON970996.1	subgenomic	3708	0	+	1	62807	66511	UL30	794
ON970997.1	subgenomic	1131	0	-	1	46673	47801		0
ON970998.1	subgenomic	1131	0	-	1	46673	47801		0
ON970999.1	subgenomic	1131	0	-	1	46673	47801		0
ON971000.1	subgenomic	1131	0	-	1	46673	47801		0
ON971001.1	subgenomic	1131	0	-	1	46673	47801		0
ON971002.1	subgenomic	2528	0	+	1	63706	66230	UL30	543
ON971003.1	subgenomic	2528	0	+	1	63706	66230	UL30	543
ON971004.1	subgenomic	2528	0	+	1	63706	66230	UL30	543
ON971005.1	subgenomic	2528	0	+	1	63706	66230	UL30	543
ON971006.1	subgenomic	2528	0	+	1	63706	66230	UL30	543
OP297876.1	subgenomic	135445	4	+	20	9221	145586	RL2|UL19|UL29|UL30|UL5|UL52|UL54	4658
OP431884.1	subgenomic	135693	1344	+	23	9213	145586	RL2|UL19|UL29|UL30|UL5|UL52|UL54	4658
OP431897.1	subgenomic	137474	513	+	23	9217	145589	RL2|UL19|UL29|UL30|UL5|UL52|UL54	4653
OP431907.1	subgenomic	135585	43	+	24	4138	145586	RL2|UL19|UL29|UL30|UL5|UL52|UL54	4749
OP431912.1	subgenomic	136366	58	+	21	9302	145589	RL2|UL19|UL29|UL30|UL5|UL52|UL54	4658
OP846823.1	subgenomic	2514	0	+	1	63712	66220	UL30	534
OP846824.1	subgenomic	2514	0	+	1	63712	66220	UL30	534
OP846825.1	subgenomic	2514	0	+	1	63712	66220	UL30	534
OP846826.1	subgenomic	2514	0	+	1	63712	66220	UL30	534
OP846827.1	subgenomic	2514	0	+	1	63712	66220	UL30	534
OP846828.1	subgenomic	2514	0	+	1	63712	66220	UL30	534
OP846829.1	subgenomic	2514	0	+	1	63708	66220	UL30	537
OP846830.1	subgenomic	2514	0	+	1	63708	66220	UL30	537
OP846831.1	subgenomic	2514	0	+	1	63712	66220	UL30	534
OP846832.1	subgenomic	2514	0	+	1	63712	66220	UL30	534
OP846833.1	subgenomic	2514	0	+	1	63712	66220	UL30	534
OP846834.1	subgenomic	2514	0	+	1	63712	66220	UL30	534
OP846835.1	subgenomic	2514	0	+	1	63708	66220	UL30	537
OP846836.1	subgenomic	2514	0	+	1	63712	66220	UL30	534
OP846837.1	subgenomic	2514	0	+	1	63712	66220	UL30	534
OP846838.1	subgenomic	2514	0	+	1	63708	66220	UL30	537
OP846839.1	subgenomic	2514	0	+	1	63712	66220	UL30	534
OP846840.1	subgenomic	2649	0	-	1	12484	15132	UL5	483
OP846841.1	subgenomic	1467	0	+	1	93112	94576		0
OP846842.1	subgenomic	1467	0	+	1	93112	94576		0
OP846843.1	subgenomic	3177	0	+	1	109049	112225	UL52	673
OP846844.1	subgenomic	3708	0	+	1	62807	66511	UL30	794
OP846845.1	subgenomic	3708	0	+	1	62807	66511	UL30	794
OP846846.1	subgenomic	3708	0	+	1	62807	66511	UL30	794
OP846847.1	subgenomic	3708	0	+	1	62807	66511	UL30	794
OP846848.1	subgenomic	3708	0	+	1	62807	66511	UL30	794
OP846849.1	subgenomic	3708	0	+	1	62807	66511	UL30	794
OP846850.1	subgenomic	3708	0	+	1	62807	66511	UL30	794
OP866809.1	subgenomic	1195	0	-	1	46609	47801		0
OP866810.1	subgenomic	1194	0	-	1	46609	47802		0
OP866811.1	subgenomic	1194	0	-	1	46609	47802		0
OP866812.1	subgenomic	1195	0	-	1	46609	47801		0
OP866813.1	subgenomic	1194	0	-	1	46609	47802		0
OP866814.1	subgenomic	1195	0	-	1	46609	47801		0
OP866815.1	subgenomic	1194	0	-	1	46609	47802		0
OP866816.1	subgenomic	1194	0	-	1	46609	47802		0
OP866817.1	subgenomic	1194	0	-	1	46609	47802		0
OP866818.1	subgenomic	1194	0	-	1	46609	47802		0
OP866819.1	subgenomic	1194	0	-	1	46609	47802		0
OP866820.1	subgenomic	1194	0	-	1	46609	47802		0
OP866821.1	subgenomic	1195	0	-	1	46609	47801		0
OP866822.1	subgenomic	1194	0	-	1	46609	47802		0
OP866823.1	subgenomic	1195	0	-	1	46609	47801		0
OP866824.1	subgenomic	1195	0	-	1	46609	47801		0
OP866825.1	subgenomic	1195	0	-	1	46609	47801		0
OP950679.1	subgenomic	1131	0	-	1	46673	47801		0
OP950680.1	subgenomic	1130	0	-	1	46673	47802		0
OP950681.1	subgenomic	1131	0	-	1	46673	47801		0
OP950682.1	subgenomic	1130	0	-	1	46673	47802		0
OP950683.1	subgenomic	1131	0	-	1	46673	47801		0
OP950684.1	subgenomic	1131	0	-	1	46673	47801		0
OP950685.1	subgenomic	1131	0	-	1	46673	47801		0
OQ263025.1	subgenomic	771	0	+	1	9320	10084		0
OQ263026.1	subgenomic	771	0	+	1	9320	10084		0
OQ263027.1	subgenomic	2715	0	-	1	53081	55793		0
OQ263028.1	subgenomic	1185	0	+	1	138423	139607		0
OQ263029.1	subgenomic	1536	0	+	1	96312	97844		0
OQ263030.1	subgenomic	1536	0	+	1	96312	97844		0
OQ263031.1	subgenomic	519	0	+	1	98033	98549		0
OQ263032.1	subgenomic	519	0	+	1	98033	98549		0
OQ302858.1	subgenomic	320	0	+	2	138275	138423		0
OQ302859.1	subgenomic	328	0	+	2	138287	138423		0
OQ302860.1	subgenomic	334	0	-	2	138237	138349		0
OQ302861.1	subgenomic	324	0	+	2	138273	138425		0
OQ302862.1	subgenomic	316	0	-	2	138235	138351		0
OQ703264.1	subgenomic	463	0	+	1	64345	64805	UL30	87
OQ703285.1	subgenomic	463	0	+	1	64345	64805	UL30	79
OQ703288.1	subgenomic	463	2	+	1	64345	64785	UL30	80
OQ703295.1	subgenomic	463	0	+	1	64345	64805	UL30	87
OQ703307.1	subgenomic	463	1	+	1	64345	64805	UL30	74
OQ703308.1	subgenomic	463	1	+	1	64345	64777	UL30	73
OQ703309.1	subgenomic	463	0	+	1	64345	64805	UL30	79
OQ703317.1	subgenomic	178	0	+	1	65275	65451	UL30	30
OQ703318.1	subgenomic	178	0	+	1	65275	65451	UL30	30
OQ703319.1	subgenomic	178	0	+	1	65275	65451	UL30	30
OQ703320.1	subgenomic	463	0	+	1	64345	64805	UL30	87
OQ703321.1	subgenomic	463	4	+	1	64345	64805	UL30	85
OQ703322.1	subgenomic	463	0	+	1	64345	64805	UL30	87
OQ703323.1	subgenomic	463	0	+	1	64345	64805	UL30	87
OQ703324.1	subgenomic	178	0	+	1	65275	65451	UL30	30
OQ703325.1	subgenomic	178	1	+	1	65275	65439	UL30	25
OQ759608.1	subgenomic	2517	0	-	1	43867	46383		0
OQ759609.1	subgenomic	2517	0	-	1	43867	46383		0
OR085475.1	subgenomic	199	0	-	1	53181	53357		0
OR232861.1	subgenomic	1131	0	-	1	46673	47801		0
OR232862.1	subgenomic	1131	2	-	1	46673	47801		0
OR232863.1	subgenomic	1131	0	-	1	46673	47801		0
OR232864.1	subgenomic	1131	0	-	1	46673	47801		0
OR232865.1	subgenomic	1131	0	-	1	46673	47801		0
OR232866.1	subgenomic	1131	0	-	1	46673	47801		0
OR232867.1	subgenomic	1131	0	-	1	46673	47801		0
OR232868.1	subgenomic	1131	1	-	1	46673	47777		0
OR232869.1	subgenomic	1131	1	-	1	46673	47777		0
OR232870.1	subgenomic	1131	0	-	1	46673	47801		0
OR232871.1	subgenomic	1131	0	-	1	46673	47801		0
OR232872.1	subgenomic	1131	0	-	1	46673	47801		0
OR232873.1	subgenomic	1131	1	-	1	46681	47777		0
OR232874.1	subgenomic	1131	1	-	1	46681	47785		0
OR232875.1	subgenomic	1131	0	-	1	46673	47801		0
OR232876.1	subgenomic	312	0	-	1	47496	47800		0
OR232877.1	subgenomic	1131	0	-	1	46681	47801		0
OR232878.1	subgenomic	1131	0	-	1	46673	47801		0
OR232879.1	subgenomic	1131	0	-	1	46673	47793		0
OR232880.1	subgenomic	1131	0	-	1	46673	47785		0
OR232881.1	subgenomic	1131	0	-	1	46673	47801		0
OR232882.1	subgenomic	3708	1	+	1	62807	66511	UL30	792
OR232883.1	subgenomic	3708	1	+	1	62807	66511	UL30	793
OR232884.1	subgenomic	3708	0	+	1	62807	66511	UL30	794
OR232885.1	subgenomic	3708	0	+	1	62807	66511	UL30	794
OR232886.1	subgenomic	3708	0	+	1	62807	66511	UL30	794
OR232887.1	subgenomic	3708	0	+	1	62807	66511	UL30	794
OR232888.1	subgenomic	3708	0	+	1	62807	66511	UL30	794
OR344341.1	subgenomic	1195	0	-	1	46609	47785		0
OR344342.1	subgenomic	1195	0	-	1	46609	47801		0
OR344343.1	subgenomic	1195	0	-	1	46609	47801		0
OR344344.1	subgenomic	1195	0	-	1	46609	47785		0
OR344345.1	subgenomic	1195	1	-	1	46609	47801		0
OR344346.1	subgenomic	1195	0	-	1	46609	47801		0
OR344347.1	subgenomic	1194	0	-	1	46609	47786		0
OR344348.1	subgenomic	3200	0	+	1	62807	66003	UL30	663
OR344349.1	subgenomic	3708	6	+	1	62807	66511	UL30	764
OR344350.1	subgenomic	3708	0	+	1	62827	66491	UL30	791
OR344351.1	subgenomic	3708	0	+	1	62807	66511	UL30	794
OR345521.1	subgenomic	154	0	+	1	66338	66490	UL30	31
OV298629.1	subgenomic	271	0	+	0	-1	-1		0
PP457254.1	subgenomic	636	0	+	1	138468	139100		0
PP457255.1	subgenomic	624	0	+	1	138480	139100		0
PP457256.1	subgenomic	633	0	+	1	138480	139112		0
PP457257.1	subgenomic	663	0	+	1	138468	139128		0
PP457258.1	subgenomic	654	0	+	1	138477	139129		0
PP457259.1	subgenomic	663	0	+	1	138468	139128		0
PP457260.1	subgenomic	1131	0	-	1	46673	47801		0
PP457261.1	subgenomic	1131	0	-	1	46673	47801		0
PP457262.1	subgenomic	1131	0	-	1	46673	47801		0
PP457263.1	subgenomic	1131	0	-	1	46673	47801		0
PP457264.1	subgenomic	1131	0	-	1	46673	47801		0
PP457265.1	subgenomic	1131	0	-	1	46673	47801		0
PP457266.1	subgenomic	1575	0	+	1	64097	65669	UL30	312
PP457267.1	subgenomic	1569	0	+	1	64103	65671	UL30	310
PP457268.1	subgenomic	1569	0	+	1	64103	65671	UL30	310
PP457269.1	subgenomic	1575	0	+	1	64097	65669	UL30	312
PP457270.1	subgenomic	1566	0	+	1	64103	65667	UL30	310
PP457271.1	subgenomic	1578	0	+	1	64094	65670	UL30	312
PP820910.1	subgenomic	240	0	+	1	138970	139122		0
PP820911.1	subgenomic	231	0	+	1	138970	139162		0
PP820912.1	subgenomic	240	0	+	1	138965	139201		0
PP820913.1	subgenomic	240	0	+	1	138965	139201		0
PP820914.1	subgenomic	244	0	+	1	138969	139201		0
PP983259.1	subgenomic	921	3	+	0	-1	-1		0
PP983260.1	subgenomic	930	2	+	0	-1	-1		0
PP983261.1	subgenomic	933	0	+	0	-1	-1		0
PP983262.1	subgenomic	909	2	+	0	-1	-1		0
PP983263.1	subgenomic	918	1	+	0	-1	-1		0
PP983264.1	subgenomic	933	11	+	0	-1	-1		0
PP983265.1	subgenomic	936	0	+	0	-1	-1		0
PP983266.1	subgenomic	930	0	+	0	-1	-1		0
PP983267.1	subgenomic	930	6	+	0	-1	-1		0
PP983268.1	subgenomic	921	17	+	0	-1	-1		0
PP983269.1	subgenomic	909	0	+	0	-1	-1		0
PP983270.1	subgenomic	885	1	+	0	-1	-1		0
PP983271.1	subgenomic	924	0	+	0	-1	-1		0
PP983272.1	subgenomic	936	6	+	0	-1	-1		0
PP983273.1	subgenomic	918	14	+	0	-1	-1		0
PP983274.1	subgenomic	912	11	+	0	-1	-1		0
PP983275.1	subgenomic	936	1	+	0	-1	-1		0
PP983276.1	subgenomic	918	10	+	0	-1	-1		0
PP983277.1	subgenomic	927	8	+	0	-1	-1		0
PP983278.1	subgenomic	933	4	+	0	-1	-1		0
PP983279.1	subgenomic	918	0	+	0	-1	-1		0
PP983280.1	subgenomic	912	1	+	0	-1	-1		0
PP983281.1	subgenomic	924	0	+	0	-1	-1		0
PP983282.1	subgenomic	906	5	+	0	-1	-1		0
PP983283.1	subgenomic	927	0	+	0	-1	-1		0
PP983284.1	subgenomic	936	10	+	0	-1	-1		0
PP983285.1	subgenomic	933	6	+	0	-1	-1		0
PP983286.1	subgenomic	951	7	+	0	-1	-1		0
PP983287.1	subgenomic	942	1	+	0	-1	-1		0
PP983288.1	subgenomic	933	3	+	0	-1	-1		0
PP983289.1	subgenomic	918	5	+	0	-1	-1		0
PP983290.1	subgenomic	906	6	+	0	-1	-1		0
PP983291.1	subgenomic	933	17	+	0	-1	-1		0
PP983292.1	subgenomic	924	12	+	0	-1	-1		0
PP983293.1	subgenomic	930	12	+	0	-1	-1		0
PP983294.1	subgenomic	927	9	+	0	-1	-1		0
PP983295.1	subgenomic	930	10	+	0	-1	-1		0
PP983296.1	subgenomic	930	3	+	0	-1	-1		0
PP983297.1	subgenomic	900	9	+	0	-1	-1		0
PP983298.1	subgenomic	921	0	+	0	-1	-1		0
PP983299.1	subgenomic	921	0	+	0	-1	-1		0
PP983300.1	subgenomic	843	9	+	0	-1	-1		0
PP983301.1	subgenomic	930	7	+	0	-1	-1		0
PP983302.1	subgenomic	918	5	+	0	-1	-1		0
PP983303.1	subgenomic	921	9	+	0	-1	-1		0
PP983304.1	subgenomic	924	1	+	0	-1	-1		0
PP983305.1	subgenomic	933	1	+	0	-1	-1		0
PP983306.1	subgenomic	915	10	+	0	-1	-1		0
PP983307.1	subgenomic	912	21	+	0	-1	-1		0
PP983308.1	subgenomic	933	3	+	0	-1	-1		0
PP983309.1	subgenomic	918	9	+	0	-1	-1		0
PP983310.1	subgenomic	918	0	+	0	-1	-1		0
PP983311.1	subgenomic	942	4	+	0	-1	-1		0
PP983312.1	subgenomic	942	4	+	0	-1	-1		0
PP983313.1	subgenomic	936	2	+	0	-1	-1		0
PP983314.1	subgenomic	912	9	+	0	-1	-1		0
PP983315.1	subgenomic	921	3	+	0	-1	-1		0
PP983316.1	subgenomic	936	4	+	0	-1	-1		0
PP983317.1	subgenomic	900	4	+	0	-1	-1		0
PP983318.1	subgenomic	936	5	+	0	-1	-1		0
PP983319.1	subgenomic	942	2	+	0	-1	-1		0
PP983320.1	subgenomic	933	4	+	0	-1	-1		0
PP983321.1	subgenomic	903	0	+	0	-1	-1		0
PP983322.1	subgenomic	903	32	+	0	-1	-1		0
PP983323.1	subgenomic	882	12	+	0	-1	-1		0
PP983324.1	subgenomic	915	0	+	0	-1	-1		0
PP983325.1	subgenomic	900	1	+	0	-1	-1		0
PP983326.1	subgenomic	888	1	+	0	-1	-1		0
PP983327.1	subgenomic	801	2	+	0	-1	-1		0
PP983328.1	subgenomic	921	5	+	0	-1	-1		0
PP983329.1	subgenomic	921	16	+	0	-1	-1		0
PP983330.1	subgenomic	933	3	+	0	-1	-1		0
PP983331.1	subgenomic	894	7	+	0	-1	-1		0
PP983332.1	subgenomic	933	3	+	0	-1	-1		0
PP983333.1	subgenomic	921	10	+	0	-1	-1		0
PP983334.1	subgenomic	933	3	+	0	-1	-1		0
PP983335.1	subgenomic	933	9	+	0	-1	-1		0
PP983336.1	subgenomic	936	2	+	0	-1	-1		0
PP983337.1	subgenomic	909	8	+	0	-1	-1		0
PP983338.1	subgenomic	879	1	+	0	-1	-1		0
PP983339.1	subgenomic	915	3	+	0	-1	-1		0
PP983340.1	subgenomic	921	15	+	0	-1	-1		0
PP983341.1	subgenomic	918	12	+	0	-1	-1		0
PP983342.1	subgenomic	906	6	+	0	-1	-1		0
PP983343.1	subgenomic	918	3	+	0	-1	-1		0
PP983344.1	subgenomic	888	18	+	0	-1	-1		0
PP983345.1	subgenomic	936	0	+	0	-1	-1		0
PP983346.1	subgenomic	900	9	+	0	-1	-1		0
PP983347.1	subgenomic	933	0	+	0	-1	-1		0
PP983348.1	subgenomic	942	0	+	0	-1	-1		0
PP983349.1	subgenomic	936	6	+	0	-1	-1		0
PP983350.1	subgenomic	900	10	+	0	-1	-1		0
PP983351.1	subgenomic	912	5	+	0	-1	-1		0
PP983352.1	subgenomic	930	8	+	0	-1	-1		0
PP983353.1	subgenomic	933	0	+	0	-1	-1		0
PP983354.1	subgenomic	906	4	+	0	-1	-1		0
PP983355.1	subgenomic	927	4	+	0	-1	-1		0
PP983356.1	subgenomic	933	4	+	0	-1	-1		0
PP983357.1	subgenomic	918	3	+	0	-1	-1		0
PP983358.1	subgenomic	879	2	+	0	-1	-1		0
PP983359.1	subgenomic	906	3	+	0	-1	-1		0
PP983360.1	subgenomic	921	5	+	0	-1	-1		0
PP983361.1	subgenomic	936	0	+	0	-1	-1		0
PP983362.1	subgenomic	900	14	+	0	-1	-1		0
PP983363.1	subgenomic	897	8	+	0	-1	-1		0
PP983364.1	subgenomic	891	16	+	0	-1	-1		0
PP983365.1	subgenomic	897	5	+	0	-1	-1		0
PP983366.1	subgenomic	933	6	+	0	-1	-1		0
PP983367.1	subgenomic	942	9	+	0	-1	-1		0
PP983368.1	subgenomic	702	6	+	0	-1	-1		0
PP983369.1	subgenomic	933	1	+	0	-1	-1		0
PP983370.1	subgenomic	921	5	+	0	-1	-1		0
PP983371.1	subgenomic	933	0	+	0	-1	-1		0
PP983372.1	subgenomic	921	1	+	0	-1	-1		0
PP983373.1	subgenomic	933	2	+	0	-1	-1		0
PP983374.1	subgenomic	918	5	+	0	-1	-1		0
PP983375.1	subgenomic	921	7	+	0	-1	-1		0
PP983376.1	subgenomic	924	1	+	0	-1	-1		0
PP983377.1	subgenomic	933	6	+	0	-1	-1		0
PP983378.1	subgenomic	942	2	+	0	-1	-1		0
PP983379.1	subgenomic	933	6	+	0	-1	-1		0
PP983380.1	subgenomic	933	2	+	0	-1	-1		0
PP983381.1	subgenomic	936	0	+	0	-1	-1		0
PP983382.1	subgenomic	897	4	+	0	-1	-1		0
PP983383.1	subgenomic	921	0	+	0	-1	-1		0
PP983384.1	subgenomic	918	0	+	0	-1	-1		0
PP983385.1	subgenomic	885	11	+	0	-1	-1		0
PP983386.1	subgenomic	942	4	+	0	-1	-1		0
PP983387.1	subgenomic	933	4	+	0	-1	-1		0
PP983388.1	subgenomic	921	13	+	0	-1	-1		0
PP983389.1	subgenomic	897	5	+	0	-1	-1		0
PP983390.1	subgenomic	933	25	+	0	-1	-1		0
PP983391.1	subgenomic	924	0	+	0	-1	-1		0
PP983392.1	subgenomic	906	8	+	0	-1	-1		0
PP983393.1	subgenomic	942	6	+	0	-1	-1		0
PP983394.1	subgenomic	918	13	+	0	-1	-1		0
PP983395.1	subgenomic	903	19	+	0	-1	-1		0
PP983396.1	subgenomic	915	6	+	0	-1	-1		0
PP983397.1	subgenomic	927	7	+	0	-1	-1		0
PP983398.1	subgenomic	915	6	+	0	-1	-1		0
PP983399.1	subgenomic	819	0	+	0	-1	-1		0
PP983400.1	subgenomic	921	5	+	0	-1	-1		0
PP983401.1	subgenomic	882	1	+	0	-1	-1		0
PP983402.1	subgenomic	930	3	+	0	-1	-1		0
PP983403.1	subgenomic	900	2	+	0	-1	-1		0
PP983404.1	subgenomic	864	0	+	0	-1	-1		0
PP983405.1	subgenomic	909	9	+	0	-1	-1		0
PP983406.1	subgenomic	915	1	+	0	-1	-1		0
PP983407.1	subgenomic	891	3	+	0	-1	-1		0
PP983408.1	subgenomic	822	9	+	0	-1	-1		0
PP983409.1	subgenomic	921	14	+	0	-1	-1		0
PP983410.1	subgenomic	918	7	+	0	-1	-1		0
PP983411.1	subgenomic	915	8	+	0	-1	-1		0
PP983412.1	subgenomic	858	7	+	0	-1	-1		0
PP983413.1	subgenomic	924	9	+	0	-1	-1		0
PP983414.1	subgenomic	888	15	+	0	-1	-1		0
PP983415.1	subgenomic	852	0	+	0	-1	-1		0
PP983416.1	subgenomic	894	3	+	0	-1	-1		0
PP983417.1	subgenomic	876	0	+	0	-1	-1		0
PP983418.1	subgenomic	933	12	+	0	-1	-1		0
PP983419.1	subgenomic	933	8	+	0	-1	-1		0
PP983420.1	subgenomic	768	0	+	0	-1	-1		0
PP983421.1	subgenomic	870	11	+	0	-1	-1		0
PP983422.1	subgenomic	855	2	+	0	-1	-1		0
PP983423.1	subgenomic	906	3	+	0	-1	-1		0
PP983424.1	subgenomic	933	5	+	0	-1	-1		0
PP983425.1	subgenomic	933	5	+	0	-1	-1		0
PP983426.1	subgenomic	921	0	+	0	-1	-1		0
PP983427.1	subgenomic	918	5	+	0	-1	-1		0
PP983428.1	subgenomic	933	1	+	0	-1	-1		0
PP983429.1	subgenomic	921	0	+	0	-1	-1		0
PP983430.1	subgenomic	936	0	+	0	-1	-1		0
PP983431.1	subgenomic	918	0	+	0	-1	-1		0
PP983432.1	subgenomic	933	1	+	0	-1	-1		0
PP983433.1	subgenomic	924	13	+	0	-1	-1		0
PP983434.1	subgenomic	903	16	+	0	-1	-1		0
PP983435.1	subgenomic	921	0	+	0	-1	-1		0
PP983436.1	subgenomic	936	1	+	0	-1	-1		0
PP983437.1	subgenomic	933	9	+	0	-1	-1		0
PP983438.1	subgenomic	936	8	+	0	-1	-1		0
PP983439.1	subgenomic	924	0	+	0	-1	-1		0
PP983440.1	subgenomic	930	7	+	0	-1	-1		0
PP983441.1	subgenomic	918	6	+	0	-1	-1		0
PP983442.1	subgenomic	879	6	+	0	-1	-1		0
PP983443.1	subgenomic	918	15	+	0	-1	-1		0
PP983444.1	subgenomic	888	6	+	0	-1	-1		0
PP983445.1	subgenomic	936	3	+	0	-1	-1		0
PP983446.1	subgenomic	942	6	+	0	-1	-1		0
PP983447.1	subgenomic	933	17	+	0	-1	-1		0
PP983448.1	subgenomic	915	5	+	0	-1	-1		0
PP983449.1	subgenomic	903	8	+	0	-1	-1		0
PP983450.1	subgenomic	936	0	+	0	-1	-1		0
PP983451.1	subgenomic	933	1	+	0	-1	-1		0
PP983452.1	subgenomic	927	6	+	0	-1	-1		0
PP983453.1	subgenomic	933	12	+	0	-1	-1		0
PP983454.1	subgenomic	903	2	+	0	-1	-1		0
PP983455.1	subgenomic	933	4	+	0	-1	-1		0
PP983456.1	subgenomic	933	0	+	0	-1	-1		0
PP983457.1	subgenomic	933	7	+	0	-1	-1		0
PP983458.1	subgenomic	933	7	+	0	-1	-1		0
PP983459.1	subgenomic	924	1	+	0	-1	-1		0
PP983460.1	subgenomic	933	2	+	0	-1	-1		0
PP983461.1	subgenomic	921	0	+	0	-1	-1		0
PP983462.1	subgenomic	933	1	+	0	-1	-1		0
PP983463.1	subgenomic	942	9	+	0	-1	-1		0
PP983464.1	subgenomic	915	0	+	0	-1	-1		0
PP983465.1	subgenomic	924	2	+	0	-1	-1		0
PP983466.1	subgenomic	921	5	+	0	-1	-1		0
PP983467.1	subgenomic	909	10	+	0	-1	-1		0
PP983468.1	subgenomic	936	1	+	0	-1	-1		0
PP983469.1	subgenomic	933	2	+	0	-1	-1		0
PP983470.1	subgenomic	933	2	+	0	-1	-1		0
PP983471.1	subgenomic	924	6	+	0	-1	-1		0
PP983472.1	subgenomic	924	0	+	0	-1	-1		0
PP983473.1	subgenomic	924	0	+	0	-1	-1		0
PP983474.1	subgenomic	924	11	+	0	-1	-1		0
PP983475.1	subgenomic	930	2	+	0	-1	-1		0
PP983476.1	subgenomic	927	0	+	0	-1	-1		0
PP983477.1	subgenomic	909	6	+	0	-1	-1		0
PP983478.1	subgenomic	936	9	+	0	-1	-1		0
PP983479.1	subgenomic	897	12	+	0	-1	-1		0
PP983480.1	subgenomic	933	0	+	0	-1	-1		0
PP983481.1	subgenomic	933	2	+	0	-1	-1		0
PP983482.1	subgenomic	927	10	+	0	-1	-1		0
PP983483.1	subgenomic	939	3	+	0	-1	-1		0
PP983484.1	subgenomic	933	5	+	0	-1	-1		0
PP983485.1	subgenomic	933	7	+	0	-1	-1		0
PP983486.1	subgenomic	927	0	+	0	-1	-1		0
PP983487.1	subgenomic	930	2	+	0	-1	-1		0
PP983488.1	subgenomic	921	11	+	0	-1	-1		0
PP983489.1	subgenomic	915	4	+	0	-1	-1		0
PP983490.1	subgenomic	897	2	+	0	-1	-1		0
PP983491.1	subgenomic	909	5	+	0	-1	-1		0
PP983492.1	subgenomic	900	4	+	0	-1	-1		0
PP983493.1	subgenomic	891	4	+	0	-1	-1		0
PP983494.1	subgenomic	921	4	+	0	-1	-1		0
PP983495.1	subgenomic	918	1	+	0	-1	-1		0
PP983496.1	subgenomic	921	2	+	0	-1	-1		0
PP983497.1	subgenomic	939	5	+	0	-1	-1		0
PP983498.1	subgenomic	909	0	+	0	-1	-1		0
PP983499.1	subgenomic	879	5	+	0	-1	-1		0
PP983500.1	subgenomic	921	0	+	0	-1	-1		0
PP983501.1	subgenomic	933	0	+	0	-1	-1		0
PP983502.1	subgenomic	921	7	+	0	-1	-1		0
PP983503.1	subgenomic	918	1	+	0	-1	-1		0
PP983504.1	subgenomic	885	2	+	0	-1	-1		0
PP983505.1	subgenomic	921	5	+	0	-1	-1		0
PP983506.1	subgenomic	900	0	+	0	-1	-1		0
PP983507.1	subgenomic	921	0	+	0	-1	-1		0
PP983508.1	subgenomic	909	12	+	0	-1	-1		0
PP983509.1	subgenomic	909	2	+	0	-1	-1		0
PP983510.1	subgenomic	933	2	+	0	-1	-1		0
PP983511.1	subgenomic	936	11	+	0	-1	-1		0
PP983512.1	subgenomic	936	0	+	0	-1	-1		0
PP983513.1	subgenomic	915	2	+	0	-1	-1		0
PP983514.1	subgenomic	930	0	+	0	-1	-1		0
PP983515.1	subgenomic	933	0	+	0	-1	-1		0
PP983516.1	subgenomic	933	0	+	0	-1	-1		0
PP983517.1	subgenomic	942	3	+	0	-1	-1		0
PP983518.1	subgenomic	885	7	+	0	-1	-1		0
PP983519.1	subgenomic	918	4	+	0	-1	-1		0
PP983520.1	subgenomic	933	0	+	0	-1	-1		0
PP983521.1	subgenomic	921	1	+	0	-1	-1		0
PP983522.1	subgenomic	927	4	+	0	-1	-1		0
PP983523.1	subgenomic	933	0	+	0	-1	-1		0
PP983524.1	subgenomic	933	4	+	0	-1	-1		0
PP983525.1	subgenomic	933	5	+	0	-1	-1		0
PP983526.1	subgenomic	909	1	+	0	-1	-1		0
PP983527.1	subgenomic	906	1	+	0	-1	-1		0
PP983528.1	subgenomic	819	2	+	0	-1	-1		0
PP983529.1	subgenomic	924	4	+	0	-1	-1		0
PP983530.1	subgenomic	915	1	+	0	-1	-1		0
PP983531.1	subgenomic	933	5	+	0	-1	-1		0
PP983532.1	subgenomic	885	7	+	0	-1	-1		0
PP983533.1	subgenomic	909	12	+	0	-1	-1		0
PP983534.1	subgenomic	942	10	+	0	-1	-1		0
PP983535.1	subgenomic	927	10	+	0	-1	-1		0
PP983536.1	subgenomic	924	2	+	0	-1	-1		0
PP983537.1	subgenomic	930	0	+	0	-1	-1		0
PP983538.1	subgenomic	903	6	+	0	-1	-1		0
PP983539.1	subgenomic	936	12	+	0	-1	-1		0
PP983540.1	subgenomic	921	5	+	0	-1	-1		0
PP983541.1	subgenomic	921	0	+	0	-1	-1		0
PP983542.1	subgenomic	927	1	+	0	-1	-1		0
PP983543.1	subgenomic	933	8	+	0	-1	-1		0
PP983544.1	subgenomic	936	0	+	0	-1	-1		0
PP983545.1	subgenomic	909	3	+	0	-1	-1		0
PP983546.1	subgenomic	912	8	+	0	-1	-1		0
PP983547.1	subgenomic	930	0	+	0	-1	-1		0
PP983548.1	subgenomic	897	6	+	0	-1	-1		0
PP983549.1	subgenomic	861	18	+	0	-1	-1		0
PP983550.1	subgenomic	915	4	+	0	-1	-1		0
PP983551.1	subgenomic	942	4	+	0	-1	-1		0
PP983552.1	subgenomic	876	4	+	0	-1	-1		0
PP983553.1	subgenomic	930	1	+	0	-1	-1		0
PP983554.1	subgenomic	870	0	+	0	-1	-1		0
PP983555.1	subgenomic	918	5	+	0	-1	-1		0
PP983556.1	subgenomic	936	3	+	0	-1	-1		0
PP983557.1	subgenomic	933	1	+	0	-1	-1		0
PP983558.1	subgenomic	933	10	+	0	-1	-1		0
PP983559.1	subgenomic	906	0	+	0	-1	-1		0
PP983560.1	subgenomic	915	2	+	0	-1	-1		0
PP983561.1	subgenomic	897	5	+	0	-1	-1		0
PP983562.1	subgenomic	900	6	+	0	-1	-1		0
PP983563.1	subgenomic	942	0	+	0	-1	-1		0
PP983564.1	subgenomic	918	6	+	0	-1	-1		0
PP983565.1	subgenomic	909	0	+	0	-1	-1		0
PP983566.1	subgenomic	924	12	+	0	-1	-1		0
PP983567.1	subgenomic	912	6	+	0	-1	-1		0
PP983568.1	subgenomic	933	2	+	0	-1	-1		0
PP983569.1	subgenomic	933	9	+	0	-1	-1		0
PP983570.1	subgenomic	933	6	+	0	-1	-1		0
PP983571.1	subgenomic	924	4	+	0	-1	-1		0
PP983572.1	subgenomic	933	1	+	0	-1	-1		0
PP983573.1	subgenomic	933	8	+	0	-1	-1		0
PP983574.1	subgenomic	774	2	+	0	-1	-1		0
PP983575.1	subgenomic	888	5	+	0	-1	-1		0
PP983576.1	subgenomic	858	0	+	0	-1	-1		0
PP983577.1	subgenomic	936	3	+	0	-1	-1		0
PP983578.1	subgenomic	915	1	+	0	-1	-1		0
PP983579.1	subgenomic	906	2	+	0	-1	-1		0
PP983580.1	subgenomic	936	5	+	0	-1	-1		0
PP983581.1	subgenomic	921	0	+	0	-1	-1		0
PP983582.1	subgenomic	915	13	+	0	-1	-1		0
PP983583.1	subgenomic	921	7	+	0	-1	-1		0
PP983584.1	subgenomic	933	7	+	0	-1	-1		0
PP983585.1	subgenomic	918	1	+	0	-1	-1		0
PP983586.1	subgenomic	909	2	+	0	-1	-1		0
PP983587.1	subgenomic	879	10	+	0	-1	-1		0
PP983588.1	subgenomic	918	1	+	0	-1	-1		0
PP983589.1	subgenomic	903	1	+	0	-1	-1		0
PP983590.1	subgenomic	912	1	+	0	-1	-1		0
PP983591.1	subgenomic	933	0	+	0	-1	-1		0
PP983592.1	subgenomic	918	6	+	0	-1	-1		0
PP983593.1	subgenomic	915	0	+	0	-1	-1		0
PP983594.1	subgenomic	924	5	+	0	-1	-1		0
PP983595.1	subgenomic	924	3	+	0	-1	-1		0
PP983596.1	subgenomic	915	4	+	0	-1	-1		0
PP983597.1	subgenomic	933	2	+	0	-1	-1		0
PP983598.1	subgenomic	933	1	+	0	-1	-1		0
PP983599.1	subgenomic	927	1	+	0	-1	-1		0
PP983600.1	subgenomic	915	10	+	0	-1	-1		0
PP983601.1	subgenomic	936	3	+	0	-1	-1		0
PP983602.1	subgenomic	924	0	+	0	-1	-1		0
PP983603.1	subgenomic	897	4	+	0	-1	-1		0
PP983604.1	subgenomic	924	3	+	0	-1	-1		0
PP983605.1	subgenomic	924	6	+	0	-1	-1		0
PP983606.1	subgenomic	912	6	+	0	-1	-1		0
PP983607.1	subgenomic	888	19	+	0	-1	-1		0
PP983608.1	subgenomic	933	0	+	0	-1	-1		0
PP983609.1	subgenomic	933	5	+	0	-1	-1		0
PP983610.1	subgenomic	933	0	+	0	-1	-1		0
PP983611.1	subgenomic	894	20	+	0	-1	-1		0
PP983612.1	subgenomic	903	9	+	0	-1	-1		0
PP983613.1	subgenomic	942	6	+	0	-1	-1		0
PP983614.1	subgenomic	924	0	+	0	-1	-1		0
PP983615.1	subgenomic	921	0	+	0	-1	-1		0
PP983616.1	subgenomic	897	0	+	0	-1	-1		0
PP983617.1	subgenomic	927	4	+	0	-1	-1		0
PP983618.1	subgenomic	942	3	+	0	-1	-1		0
PP983619.1	subgenomic	888	3	+	0	-1	-1		0
PP983620.1	subgenomic	903	0	+	0	-1	-1		0
PP983621.1	subgenomic	918	0	+	0	-1	-1		0
PP983622.1	subgenomic	921	2	+	0	-1	-1		0
PP983623.1	subgenomic	930	0	+	0	-1	-1		0
PP983624.1	subgenomic	930	3	+	0	-1	-1		0
PP983625.1	subgenomic	906	6	+	0	-1	-1		0
PP983626.1	subgenomic	912	2	+	0	-1	-1		0
PP983627.1	subgenomic	906	9	+	0	-1	-1		0
PP983628.1	subgenomic	921	8	+	0	-1	-1		0
PP983629.1	subgenomic	918	0	+	0	-1	-1		0
PP983630.1	subgenomic	942	9	+	0	-1	-1		0
PP983631.1	subgenomic	912	3	+	0	-1	-1		0
PP983632.1	subgenomic	888	4	+	0	-1	-1		0
PP983633.1	subgenomic	933	1	+	0	-1	-1		0
PP983634.1	subgenomic	927	1	+	0	-1	-1		0
PP983635.1	subgenomic	921	0	+	0	-1	-1		0
PP983636.1	subgenomic	927	6	+	0	-1	-1		0
PP983637.1	subgenomic	924	4	+	0	-1	-1		0
PP983638.1	subgenomic	912	3	+	0	-1	-1		0
PP983639.1	subgenomic	936	0	+	0	-1	-1		0
PP983640.1	subgenomic	912	10	+	0	-1	-1		0
PP983641.1	subgenomic	936	3	+	0	-1	-1		0
PP983642.1	subgenomic	891	2	+	0	-1	-1		0
PP983643.1	subgenomic	909	0	+	0	-1	-1		0
PP983644.1	subgenomic	927	0	+	0	-1	-1		0
PP983645.1	subgenomic	924	0	+	0	-1	-1		0
PP983646.1	subgenomic	927	16	+	0	-1	-1		0
PP983647.1	subgenomic	918	9	+	0	-1	-1		0
PP983648.1	subgenomic	936	7	+	0	-1	-1		0
PP983649.1	subgenomic	885	4	+	0	-1	-1		0
PP983650.1	subgenomic	924	9	+	0	-1	-1		0
PP983651.1	subgenomic	906	2	+	0	-1	-1		0
PP983652.1	subgenomic	906	4	+	0	-1	-1		0
PP983653.1	subgenomic	912	1	+	0	-1	-1		0
PP983654.1	subgenomic	921	5	+	0	-1	-1		0
PP983655.1	subgenomic	882	5	+	0	-1	-1		0
PP983656.1	subgenomic	918	0	+	0	-1	-1		0
PP983657.1	subgenomic	777	7	+	0	-1	-1		0
PP983658.1	subgenomic	885	1	+	0	-1	-1		0
PP983659.1	subgenomic	768	11	+	0	-1	-1		0
PP983660.1	subgenomic	909	0	+	0	-1	-1		0
PP983661.1	subgenomic	924	0	+	0	-1	-1		0
PP983662.1	subgenomic	837	9	+	0	-1	-1		0
PP983663.1	subgenomic	945	10	+	0	-1	-1		0
PP983664.1	subgenomic	918	6	+	0	-1	-1		0
PP983665.1	subgenomic	918	0	+	0	-1	-1		0
PP983666.1	subgenomic	921	0	+	0	-1	-1		0
PP983667.1	subgenomic	918	1	+	0	-1	-1		0
PP983668.1	subgenomic	915	0	+	0	-1	-1		0
PP983669.1	subgenomic	933	7	+	0	-1	-1		0
PP983670.1	subgenomic	942	10	+	0	-1	-1		0
PP983671.1	subgenomic	942	4	+	0	-1	-1		0
PP983672.1	subgenomic	924	3	+	0	-1	-1		0
PP983673.1	subgenomic	900	11	+	0	-1	-1		0
PP983674.1	subgenomic	942	4	+	0	-1	-1		0
PP983675.1	subgenomic	909	0	+	0	-1	-1		0
PP983676.1	subgenomic	933	0	+	0	-1	-1		0
PP983677.1	subgenomic	921	0	+	0	-1	-1		0
PP983678.1	subgenomic	933	1	+	0	-1	-1		0
PP983679.1	subgenomic	942	8	+	0	-1	-1		0
PP983680.1	subgenomic	933	3	+	0	-1	-1		0
PP983681.1	subgenomic	909	1	+	0	-1	-1		0
PP983682.1	subgenomic	936	8	+	0	-1	-1		0
PP983683.1	subgenomic	870	3	+	0	-1	-1		0
PP983684.1	subgenomic	939	0	+	0	-1	-1		0
PP983685.1	subgenomic	915	0	+	0	-1	-1		0
PP983686.1	subgenomic	930	1	+	0	-1	-1		0
PP983687.1	subgenomic	933	2	+	0	-1	-1		0
PP983688.1	subgenomic	921	3	+	0	-1	-1		0
PP983689.1	subgenomic	918	0	+	0	-1	-1		0
PP983690.1	subgenomic	924	0	+	0	-1	-1		0
PP983691.1	subgenomic	903	7	+	0	-1	-1		0
PP983692.1	subgenomic	903	5	+	0	-1	-1		0
PP983693.1	subgenomic	918	8	+	0	-1	-1		0
PP983694.1	subgenomic	930	2	+	0	-1	-1		0
PP983695.1	subgenomic	849	0	+	0	-1	-1		0
PP983696.1	subgenomic	906	14	+	0	-1	-1		0
PP983697.1	subgenomic	918	1	+	0	-1	-1		0
PP983698.1	subgenomic	924	0	+	0	-1	-1		0
PP983699.1	subgenomic	882	0	+	0	-1	-1		0
PP983700.1	subgenomic	939	11	+	0	-1	-1		0
PP983701.1	subgenomic	900	0	+	0	-1	-1		0
PP983702.1	subgenomic	468	0	+	0	-1	-1		0
PP983703.1	subgenomic	939	8	+	0	-1	-1		0
PP983704.1	subgenomic	930	6	+	0	-1	-1		0
PP983705.1	subgenomic	921	0	+	0	-1	-1		0
PP983706.1	subgenomic	933	0	+	0	-1	-1		0
PP983707.1	subgenomic	927	15	+	0	-1	-1		0
PP983708.1	subgenomic	954	2	+	0	-1	-1		0
PP983709.1	subgenomic	936	2	+	0	-1	-1		0
PP983710.1	subgenomic	918	0	+	0	-1	-1		0
PP983711.1	subgenomic	906	8	+	0	-1	-1		0
PP983712.1	subgenomic	936	0	+	0	-1	-1		0
PP983713.1	subgenomic	936	2	+	0	-1	-1		0
PP983714.1	subgenomic	801	0	+	0	-1	-1		0
PP983715.1	subgenomic	876	3	+	0	-1	-1		0
PP983716.1	subgenomic	912	0	+	0	-1	-1		0
PP983717.1	subgenomic	927	1	+	0	-1	-1		0
PP983718.1	subgenomic	924	5	+	0	-1	-1		0
PP983719.1	subgenomic	930	1	+	0	-1	-1		0
PP983720.1	subgenomic	933	1	+	0	-1	-1		0
PP983721.1	subgenomic	936	0	+	0	-1	-1		0
PP983722.1	subgenomic	933	0	+	0	-1	-1		0
PP983723.1	subgenomic	933	3	+	0	-1	-1		0
PP983724.1	subgenomic	708	1	+	0	-1	-1		0
PP983725.1	subgenomic	918	0	+	0	-1	-1		0
PP983726.1	subgenomic	936	7	+	0	-1	-1		0
PP983727.1	subgenomic	867	1	+	0	-1	-1		0
PP983728.1	subgenomic	915	0	+	0	-1	-1		0
PP983729.1	subgenomic	939	0	+	0	-1	-1		0
PP983730.1	subgenomic	891	0	+	0	-1	-1		0
PP983731.1	subgenomic	912	0	+	0	-1	-1		0
PP983732.1	subgenomic	933	6	+	0	-1	-1		0
PP983733.1	subgenomic	894	0	+	0	-1	-1		0
PP983734.1	subgenomic	927	4	+	0	-1	-1		0
PP983735.1	subgenomic	930	6	+	0	-1	-1		0
PP983736.1	subgenomic	918	6	+	0	-1	-1		0
PP983737.1	subgenomic	894	0	+	0	-1	-1		0
PP983738.1	subgenomic	909	0	+	0	-1	-1		0
PP983739.1	subgenomic	918	0	+	0	-1	-1		0
PP983740.1	subgenomic	903	1	+	0	-1	-1		0
PP983741.1	subgenomic	903	2	+	0	-1	-1		0
PP983742.1	subgenomic	909	1	+	0	-1	-1		0
PP983743.1	subgenomic	846	0	+	0	-1	-1		0
PP983744.1	subgenomic	921	2	+	0	-1	-1		0
PP983745.1	subgenomic	912	0	+	0	-1	-1		0
PP983746.1	subgenomic	876	0	+	0	-1	-1		0
PP983747.1	subgenomic	921	4	+	0	-1	-1		0
PP983748.1	subgenomic	810	0	+	0	-1	-1		0
PP983749.1	subgenomic	933	3	+	0	-1	-1		0
PP983750.1	subgenomic	927	8	+	0	-1	-1		0
PP983751.1	subgenomic	918	3	+	0	-1	-1		0
PP983752.1	subgenomic	933	0	+	0	-1	-1		0
PP983753.1	subgenomic	933	0	+	0	-1	-1		0
PP983754.1	subgenomic	948	0	+	0	-1	-1		0
PP983755.1	subgenomic	909	20	+	0	-1	-1		0
PP983756.1	subgenomic	933	4	+	0	-1	-1		0
PP983757.1	subgenomic	933	2	+	0	-1	-1		0
PP983758.1	subgenomic	918	8	+	0	-1	-1		0
PP983759.1	subgenomic	942	0	+	0	-1	-1		0
PP983760.1	subgenomic	933	1	+	0	-1	-1		0
PP983761.1	subgenomic	924	10	+	0	-1	-1		0
PP983762.1	subgenomic	930	1	+	0	-1	-1		0
PP983763.1	subgenomic	936	18	+	0	-1	-1		0
PP983764.1	subgenomic	918	6	+	0	-1	-1		0
PP983765.1	subgenomic	897	2	+	0	-1	-1		0
PP983766.1	subgenomic	939	0	+	0	-1	-1		0
PP983767.1	subgenomic	930	9	+	0	-1	-1		0
PP983768.1	subgenomic	870	4	+	0	-1	-1		0
PP983769.1	subgenomic	921	2	+	0	-1	-1		0
PP983770.1	subgenomic	930	0	+	0	-1	-1		0
PP983771.1	subgenomic	906	6	+	0	-1	-1		0
PP983772.1	subgenomic	915	6	+	0	-1	-1		0
PP983773.1	subgenomic	921	4	+	0	-1	-1		0
PP983774.1	subgenomic	942	3	+	0	-1	-1		0
PP983775.1	subgenomic	933	8	+	0	-1	-1		0
PP983776.1	subgenomic	900	0	+	0	-1	-1		0
PP983777.1	subgenomic	933	3	+	0	-1	-1		0
PP983778.1	subgenomic	930	5	+	0	-1	-1		0
PP983779.1	subgenomic	948	0	+	0	-1	-1		0
PP983780.1	subgenomic	927	2	+	0	-1	-1		0
PP983781.1	subgenomic	906	3	+	0	-1	-1		0
PP983782.1	subgenomic	930	1	+	0	-1	-1		0
PP983783.1	subgenomic	912	2	+	0	-1	-1		0
PP983784.1	subgenomic	903	2	+	0	-1	-1		0
PP983785.1	subgenomic	927	9	+	0	-1	-1		0
PP983786.1	subgenomic	909	2	+	0	-1	-1		0
PP983787.1	subgenomic	930	1	+	0	-1	-1		0
PP983788.1	subgenomic	936	0	+	0	-1	-1		0
PP983789.1	subgenomic	918	5	+	0	-1	-1		0
PP983790.1	subgenomic	903	0	+	0	-1	-1		0
PP983791.1	subgenomic	933	3	+	0	-1	-1		0
PP983792.1	subgenomic	912	0	+	0	-1	-1		0
PP983793.1	subgenomic	933	0	+	0	-1	-1		0
PP983794.1	subgenomic	924	6	+	0	-1	-1		0
PP983795.1	subgenomic	924	7	+	0	-1	-1		0
PP983796.1	subgenomic	933	7	+	0	-1	-1		0
PP983797.1	subgenomic	921	0	+	0	-1	-1		0
PP983798.1	subgenomic	915	7	+	0	-1	-1		0
PP983799.1	subgenomic	933	7	+	0	-1	-1		0
PP983800.1	subgenomic	918	2	+	0	-1	-1		0
PP983801.1	subgenomic	867	4	+	0	-1	-1		0
PP983802.1	subgenomic	918	0	+	0	-1	-1		0
PP983803.1	subgenomic	900	2	+	0	-1	-1		0
PP983804.1	subgenomic	912	2	+	0	-1	-1		0
PP983805.1	subgenomic	930	2	+	0	-1	-1		0
PP983806.1	subgenomic	888	0	+	0	-1	-1		0
PP983807.1	subgenomic	915	4	+	0	-1	-1		0
PP983808.1	subgenomic	867	2	+	0	-1	-1		0
PP983809.1	subgenomic	891	0	+	0	-1	-1		0
PP983810.1	subgenomic	918	0	+	0	-1	-1		0
PP983811.1	subgenomic	891	0	+	0	-1	-1		0
PP983812.1	subgenomic	852	3	+	0	-1	-1		0
PP983813.1	subgenomic	837	1	+	0	-1	-1		0
PP983814.1	subgenomic	900	2	+	0	-1	-1		0
PP983815.1	subgenomic	897	7	+	0	-1	-1		0
PP983816.1	subgenomic	906	1	+	0	-1	-1		0
PP983817.1	subgenomic	942	19	+	0	-1	-1		0
PP983818.1	subgenomic	882	0	+	0	-1	-1		0
PP983819.1	subgenomic	855	5	+	0	-1	-1		0
PP983820.1	subgenomic	933	2	+	0	-1	-1		0
PP983821.1	subgenomic	903	4	+	0	-1	-1		0
PP983822.1	subgenomic	909	0	+	0	-1	-1		0
PP983823.1	subgenomic	921	0	+	0	-1	-1		0
PP983824.1	subgenomic	912	0	+	0	-1	-1		0
PP983825.1	subgenomic	933	9	+	0	-1	-1		0
PP983826.1	subgenomic	918	0	+	0	-1	-1		0
PP983827.1	subgenomic	933	0	+	0	-1	-1		0
PP983828.1	subgenomic	933	0	+	0	-1	-1		0
PP983829.1	subgenomic	924	8	+	0	-1	-1		0
PP983830.1	subgenomic	933	0	+	0	-1	-1		0
PP983831.1	subgenomic	900	15	+	0	-1	-1		0
PP983832.1	subgenomic	942	1	+	0	-1	-1		0
PP983833.1	subgenomic	906	2	+	0	-1	-1		0
PP983834.1	subgenomic	846	2	+	0	-1	-1		0
PP983835.1	subgenomic	936	13	+	0	-1	-1		0
PP983836.1	subgenomic	912	1	+	0	-1	-1		0
PP983837.1	subgenomic	936	0	+	0	-1	-1		0
PP983838.1	subgenomic	903	0	+	0	-1	-1		0
PP983839.1	subgenomic	918	0	+	0	-1	-1		0
PP983840.1	subgenomic	933	0	+	0	-1	-1		0
PP983841.1	subgenomic	870	3	+	0	-1	-1		0
PP983842.1	subgenomic	882	0	+	0	-1	-1		0
PP983843.1	subgenomic	924	0	+	0	-1	-1		0
PP983844.1	subgenomic	924	7	+	0	-1	-1		0
PP983845.1	subgenomic	936	10	+	0	-1	-1		0
PP983846.1	subgenomic	888	14	+	0	-1	-1		0
PP983847.1	subgenomic	909	2	+	0	-1	-1		0
PP983848.1	subgenomic	939	0	+	0	-1	-1		0
PP983849.1	subgenomic	930	4	+	0	-1	-1		0
PP983850.1	subgenomic	936	0	+	0	-1	-1		0
PP983851.1	subgenomic	936	7	+	0	-1	-1		0
PP983852.1	subgenomic	948	5	+	0	-1	-1		0
PP983853.1	subgenomic	936	0	+	0	-1	-1		0
PP983854.1	subgenomic	921	5	+	0	-1	-1		0
PP983855.1	subgenomic	921	19	+	0	-1	-1		0
PP983856.1	subgenomic	903	3	+	0	-1	-1		0
PP983857.1	subgenomic	918	0	+	0	-1	-1		0
PP983858.1	subgenomic	837	0	+	0	-1	-1		0
PP983859.1	subgenomic	915	16	+	0	-1	-1		0
PP983860.1	subgenomic	936	0	+	0	-1	-1		0
PP983861.1	subgenomic	921	6	+	0	-1	-1		0
PP983862.1	subgenomic	927	1	+	0	-1	-1		0
PP983863.1	subgenomic	921	3	+	0	-1	-1		0
PP983864.1	subgenomic	906	4	+	0	-1	-1		0
PP983865.1	subgenomic	924	1	+	0	-1	-1		0
PP983866.1	subgenomic	930	0	+	0	-1	-1		0
PP983867.1	subgenomic	933	0	+	0	-1	-1		0
PP983868.1	subgenomic	915	2	+	0	-1	-1		0
PP983869.1	subgenomic	924	18	+	0	-1	-1		0
PP983870.1	subgenomic	933	2	+	0	-1	-1		0
PP983871.1	subgenomic	933	0	+	0	-1	-1		0
PP983872.1	subgenomic	903	0	+	0	-1	-1		0
PP983873.1	subgenomic	936	5	+	0	-1	-1		0
PP983874.1	subgenomic	912	7	+	0	-1	-1		0
PP983875.1	subgenomic	927	0	+	0	-1	-1		0
PP983876.1	subgenomic	939	0	+	0	-1	-1		0
PP983877.1	subgenomic	921	16	+	0	-1	-1		0
PP983878.1	subgenomic	756	0	+	0	-1	-1		0
PP983879.1	subgenomic	930	3	+	0	-1	-1		0
PP983880.1	subgenomic	873	0	+	0	-1	-1		0
PP983881.1	subgenomic	903	1	+	0	-1	-1		0
PP983882.1	subgenomic	912	0	+	0	-1	-1		0
PP983883.1	subgenomic	936	0	+	0	-1	-1		0
PP983884.1	subgenomic	942	0	+	0	-1	-1		0
PP983885.1	subgenomic	933	0	+	0	-1	-1		0
PQ119519.1	subgenomic	717	0	+	1	136755	137447		0
PV105585.1	subgenomic	4009	0	+	1	62557	66565	UL30	794
PV105590.1	subgenomic	4011	1	+	1	62557	66544	UL30	794
PV105591.1	subgenomic	3916	1	+	1	62640	66547	UL30	794
PV105598.1	subgenomic	4008	2	+	1	62559	66563	UL30	782
PV105603.1	subgenomic	178	0	+	1	65275	65451	UL30	30
PV105604.1	subgenomic	178	0	+	1	65275	65451	UL30	30
PV105607.1	subgenomic	178	0	+	1	65275	65451	UL30	30
PV358090.1	subgenomic	362	0	+	1	54962	55314		0
PV594047.1	subgenomic	2030	0	+	1	15131	17159	UL5	0
PV689946.1	subgenomic	1004	0	+	1	9886	10886		0
PV726245.1	subgenomic	600	0	+	1	11824	12420		0
PV726246.1	subgenomic	1422	0	+	1	23205	24625		0
PV749626.1	subgenomic	669	0	+	1	40821	41489		0
PV749627.1	subgenomic	291	0	+	1	24802	25070		0
PV780002.1	subgenomic	276	0	+	1	106719	106991		0
PV780003.1	subgenomic	2715	0	+	1	53081	55793		0
PV780004.1	subgenomic	2517	0	+	1	43867	46383		0
PV780005.1	subgenomic	675	0	+	1	9338	10010		0
PV780006.1	subgenomic	1017	0	+	1	112180	113196	UL52	4
PX025624.1	subgenomic	371	0	+	1	33768	34136		0
PX025625.1	subgenomic	371	0	+	1	33768	34136		0
PX025626.1	subgenomic	371	0	+	1	33768	34136		0
PX499243.1	subgenomic	412	0	+	1	64036	64444	UL30	67
PX593730.1	subgenomic	54601	0	+	8	62480	117144	UL30|UL52|UL54	1839
PX593731.1	subgenomic	53253	0	-	1	9208	62471	UL19|UL29|UL5	2225
PZ105978.1	subgenomic	267	0	+	1	64095	64359	UL30	45
PZ105979.1	subgenomic	267	0	+	1	64095	64359	UL30	45
S51910.1	subgenomic	1017	0	+	1	112180	113196	UL52	4
S51912.1	subgenomic	1017	0	+	1	112180	113196	UL52	4
S57428.1	subgenomic	223	0	+	0	-1	-1		0
S57676.1	subgenomic	217	0	-	4	19	152207		0
S57677.1	subgenomic	234	0	-	4	23	152210		0
S57678.1	subgenomic	255	0	-	4	19	152209		0
S57679.1	subgenomic	255	0	-	4	23	152208		0
S57680.1	subgenomic	256	0	-	4	23	152208		0
S62895.1	subgenomic	648	0	+	1	142556	143176		0
S65444.1	subgenomic	1488	0	-	1	53345	54829		0
S68160.1	subgenomic	194	0	+	1	65447	65639	UL30	22
S70449.1	subgenomic	464	0	-	1	47121	47580		0
S74390.1	subgenomic	1478	0	+	1	53366	54826		0
S76381.1	subgenomic	640	0	+	1	116309	116945		0
S79182.1	subgenomic	403	0	+	1	138348	138748		0
S79186.1	subgenomic	400	0	+	1	138520	138908		0
S79749.1	subgenomic	120	0	+	1	64232	64336	UL30	15
U03045.1	subgenomic	101	0	+	1	138914	138958		0
U14422.1	subgenomic	1032	0	+	1	112169	113197	UL52	6
U18080.1	subgenomic	791	123	+	1	2308	3100	RL2	0
U18081.1	subgenomic	883	0	+	1	2260	3004	RL2	13
U49121.1	subgenomic	2715	0	-	1	53081	55793		0
U53683.1	subgenomic	675	0	+	1	9338	10010		0
U53684.1	subgenomic	675	0	+	1	9338	9994		0
U67870.1	subgenomic	1017	0	+	1	112180	113196	UL52	4
U67871.1	subgenomic	1017	0	+	1	112180	113196	UL52	4
U67872.1	subgenomic	1017	0	+	1	112180	113196	UL52	4
U67873.1	subgenomic	1017	0	+	1	112180	113196	UL52	4
U92046.1	subgenomic	209	0	+	1	118662	118870		0
U92047.1	subgenomic	209	0	+	1	118662	118870		0
U92048.1	subgenomic	209	0	+	1	118662	118870		0
V00461.1	subgenomic	131	0	-	2	351	152206		0
V00462.1	subgenomic	431	0	-	5	145418	145866		0
V00463.1	subgenomic	456	0	-	1	47701	48081		0
V00464.1	subgenomic	651	0	+	1	86141	86697		0
V00465.1	subgenomic	737	0	+	1	89402	90138		0
V00467.1	subgenomic	1799	0	-	1	46520	48309		0
V00468.1	subgenomic	360	0	+	1	86095	86442		0
V00469.1	subgenomic	430	0	-	1	40527	40894	UL19	0
V00470.1	subgenomic	1799	0	-	1	46330	48110		0
X00428.1	subgenomic	2400	0	+	8	131993	132605		0
X01625.1	subgenomic	474	0	+	1	113328	113801	UL54	7
X01845.1	subgenomic	197	0	+	1	115132	115324	UL54	15
X02138.1	subgenomic	12979	0	+	2	132608	145587		0
X03141.1	subgenomic	2609	0	-	1	102925	105533		0
X03181.1	subgenomic	8400	0	+	1	58263	66658	UL29|UL30	1577
X03764.1	subgenomic	1131	0	-	1	46673	47777		0
X03839.1	subgenomic	7800	0	+	1	22669	30466		0
X03896.1	subgenomic	3740	0	-	1	43621	47357		0
X04467.1	subgenomic	4590	0	-	1	36300	40888	UL19	959
X04495.1	subgenomic	4543	0	+	1	62469	66971	UL30	794
X04589.1	subgenomic	406	0	+	2	62379	62635		0
X04597.1	subgenomic	145	0	+	1	131931	132069		0
X04614.1	subgenomic	4320	0	+	1	1599	5915	RL2	713
X04771.1	subgenomic	3708	0	+	1	62807	66511	UL30	794
X05880.1	subgenomic	150	0	+	0	-1	-1		0
X06461.1	subgenomic	6633	0	+	8	3	152210		0
X06488.1	subgenomic	501	0	+	0	-1	-1		0
X54361.1	subgenomic	1269	0	+	1	138348	139616		0
Y00453.1	subgenomic	3267	0	+	1	55747	59011	UL29	126
Z72337.1	subgenomic	1606	0	-	1	91068	92672		0
Z72338.1	subgenomic	1622	0	-	1	91063	92683		0
Z82036.1	subgenomic	1040	0	+	1	112175	113211	UL52	5
Z82037.1	subgenomic	1032	0	+	1	112175	113203	UL52	5
Z97070.1	subgenomic	774	0	+	0	-1	-1		0
HM585496.2	partial_genome	150666	1800	+	14	23	152206	RL2|UL19|UL29|UL30|UL5|UL52|UL54	4777
HM585497.2	partial_genome	150570	1600	+	17	1	152209	RL2|UL19|UL29|UL30|UL5|UL52|UL54	4777
HM585498.2	partial_genome	150595	1600	+	21	23	152209	RL2|UL19|UL29|UL30|UL5|UL52|UL54	4777
HM585499.2	partial_genome	150585	1800	+	17	23	152211	RL2|UL19|UL29|UL30|UL5|UL52|UL54	4777
HM585500.2	partial_genome	150580	1800	+	17	24	152211	RL2|UL19|UL29|UL30|UL5|UL52|UL54	4777
HM585501.2	partial_genome	150665	1600	+	15	1	151904	RL2|UL19|UL29|UL30|UL5|UL52|UL54	4777
HM585502.2	partial_genome	150717	1800	+	16	13	152210	RL2|UL19|UL29|UL30|UL5|UL52|UL54	4777
HM585503.2	partial_genome	150695	1800	+	14	25	152211	RL2|UL19|UL29|UL30|UL5|UL52|UL54	4777
HM585504.2	partial_genome	150589	1600	+	16	25	152209	RL2|UL19|UL29|UL30|UL5|UL52|UL54	4777
HM585505.2	partial_genome	150709	1700	+	14	24	152210	RL2|UL19|UL29|UL30|UL5|UL52|UL54	4777
HM585506.2	partial_genome	150701	1800	+	14	25	152208	RL2|UL19|UL29|UL30|UL5|UL52|UL54	4777
HM585507.2	partial_genome	149445	1800	+	15	24	152210	RL2|UL19|UL29|UL30|UL5|UL52|UL54	4777
HM585508.2	partial_genome	151427	600	+	54	1	152207	RL2|UL19|UL29|UL30|UL5|UL52|UL54	4777
HM585509.2	partial_genome	150850	800	+	30	426	151484	RL2|UL19|UL29|UL30|UL5|UL52|UL54	4777
HM585510.2	partial_genome	150663	1000	+	36	25	152210	RL2|UL19|UL29|UL30|UL5|UL52|UL54	4777
HM585511.2	partial_genome	151077	600	+	39	24	152210	RL2|UL19|UL29|UL30|UL5|UL52|UL54	4777
HM585512.2	partial_genome	149410	900	+	48	25	152208	RL2|UL19|UL29|UL30|UL5|UL52|UL54	4777
HM585513.2	partial_genome	150817	1000	+	38	24	152210	RL2|UL19|UL29|UL30|UL5|UL52|UL54	4777
HM585514.2	partial_genome	150701	1600	+	26	23	152209	RL2|UL19|UL29|UL30|UL5|UL52|UL54	4777
HM585515.2	partial_genome	150593	1700	+	16	25	152209	RL2|UL19|UL29|UL30|UL5|UL52|UL54	4777
JN400093.1	partial_genome	152104	2407	+	17	298	152209	RL2|UL19|UL29|UL30|UL5|UL52|UL54	4754
JN420337.1	partial_genome	151912	7290	+	15	27	151930	RL2|UL19|UL29|UL30|UL5|UL52|UL54	4596
JN420338.1	partial_genome	151909	1756	+	14	27	152221	RL2|UL19|UL29|UL30|UL5|UL52|UL54	4718
JN420339.1	partial_genome	151912	4838	+	17	27	152207	RL2|UL19|UL29|UL30|UL5|UL52|UL54	4666
JN420340.1	partial_genome	151921	3455	+	24	297	152209	RL2|UL19|UL29|UL30|UL5|UL52|UL54	4685
JN420341.1	partial_genome	151984	2857	+	16	27	151930	RL2|UL19|UL29|UL30|UL5|UL52|UL54	4721
JN420342.2	partial_genome	152011	2279	+	26	26	152208	RL2|UL19|UL29|UL30|UL5|UL52|UL54	4702
JQ730035.1	partial_genome	151135	102	+	50	27	152210	RL2|UL19|UL29|UL30|UL5|UL52|UL54	4777
JX142173.1	partial_genome	152201	3570	+	25	27	152208	RL2|UL19|UL29|UL30|UL5|UL52|UL54	4777
KM222720.1	partial_genome	151868	4595	+	19	349	152210	RL2|UL19|UL29|UL30|UL5|UL52|UL54	4777
KM222721.1	partial_genome	150147	2156	+	37	1	152207	RL2|UL19|UL29|UL30|UL5|UL52|UL54	4731
KM222722.1	partial_genome	150970	1434	+	33	1	152208	RL2|UL19|UL29|UL30|UL5|UL52|UL54	4777
KM222723.1	partial_genome	150585	630	+	32	1	152205	RL2|UL19|UL29|UL30|UL5|UL52|UL54	4777
KM222724.1	partial_genome	149692	322	+	44	29	152208	RL2|UL19|UL29|UL30|UL5|UL52|UL54	4758
KM222725.1	partial_genome	148997	3587	+	32	28	152210	RL2|UL19|UL29|UL30|UL5|UL52|UL54	4587
KM222726.1	partial_genome	152409	4	+	42	298	152210	RL2|UL19|UL29|UL30|UL5|UL52|UL54	4777
KM222727.1	partial_genome	152262	904	+	41	348	152209	RL2|UL19|UL29|UL30|UL5|UL52|UL54	4777
KR011274.1	partial_genome	152236	7	+	34	1	152197	RL2|UL19|UL29|UL30|UL5|UL52|UL54	4777
KR011275.1	partial_genome	151677	4645	+	30	25	152207	RL2|UL19|UL29|UL30|UL5|UL52|UL54	4777
KR011276.1	partial_genome	152311	602	+	30	1	152194	RL2|UL19|UL29|UL30|UL5|UL52|UL54	4777
KR011277.1	partial_genome	152216	2016	+	29	4	152196	RL2|UL19|UL29|UL30|UL5|UL52|UL54	4777
KR011278.1	partial_genome	152171	77	+	36	1	152196	RL2|UL19|UL29|UL30|UL5|UL52|UL54	4777
KR011279.1	partial_genome	152003	1777	+	25	23	152207	RL2|UL19|UL29|UL30|UL5|UL52|UL54	4777
KR011280.1	partial_genome	152166	1440	+	26	4	152195	RL2|UL19|UL29|UL30|UL5|UL52|UL54	4777
KR011281.1	partial_genome	152277	600	+	26	1	152196	RL2|UL19|UL29|UL30|UL5|UL52|UL54	4777
KR011282.1	partial_genome	151930	3618	+	25	297	152195	RL2|UL19|UL29|UL30|UL5|UL52|UL54	4720
KR011283.1	partial_genome	152175	415	+	25	1	152194	RL2|UL19|UL29|UL30|UL5|UL52|UL54	4777
KR011284.1	partial_genome	152185	11	+	38	1	152197	RL2|UL19|UL29|UL30|UL5|UL52|UL54	4777
KR011285.1	partial_genome	152196	0	+	34	24	152209	RL2|UL19|UL29|UL30|UL5|UL52|UL54	4777
KR011286.1	partial_genome	151944	2608	+	26	24	152210	RL2|UL19|UL29|UL30|UL5|UL52|UL54	4777
KR011287.1	partial_genome	151918	7196	+	23	297	152196	RL2|UL19|UL29|UL30|UL5|UL52|UL54	4581
KR011288.1	partial_genome	152075	4825	+	31	1	152196	RL2|UL19|UL29|UL30|UL5|UL52|UL54	4682
KR011289.1	partial_genome	152159	3024	+	22	4	152195	RL2|UL19|UL29|UL30|UL5|UL52|UL54	4716
KR011290.1	partial_genome	151973	3973	+	24	82	152197	RL2|UL19|UL29|UL30|UL5|UL52|UL54	4681
KR011291.1	partial_genome	152067	3660	+	30	1	152196	RL2|UL19|UL29|UL30|UL5|UL52|UL54	4747
KR011292.1	partial_genome	152187	2968	+	32	1	152196	RL2|UL19|UL29|UL30|UL5|UL52|UL54	4724
KR011293.1	partial_genome	151973	1617	+	30	1	152197	RL2|UL19|UL29|UL30|UL5|UL52|UL54	4777
KR011294.1	partial_genome	151718	892	+	32	4	152196	RL2|UL19|UL29|UL30|UL5|UL52|UL54	4768
KR011295.1	partial_genome	152123	589	+	31	2	152195	RL2|UL19|UL29|UL30|UL5|UL52|UL54	4777
KR011296.1	partial_genome	152226	801	+	26	1	152208	RL2|UL19|UL29|UL30|UL5|UL52|UL54	4777
KR011297.1	partial_genome	152061	3829	+	16	4	152196	RL2|UL19|UL29|UL30|UL5|UL52|UL54	4744
KR011298.1	partial_genome	152239	808	+	21	23	152207	RL2|UL19|UL29|UL30|UL5|UL52|UL54	4777
KR011299.1	partial_genome	152322	1910	+	32	2	152197	RL2|UL19|UL29|UL30|UL5|UL52|UL54	4777
KR011300.1	partial_genome	152248	287	+	35	1	152209	RL2|UL19|UL29|UL30|UL5|UL52|UL54	4777
KR011301.1	partial_genome	152332	2176	+	34	2	152195	RL2|UL19|UL29|UL30|UL5|UL52|UL54	4777
KR011302.1	partial_genome	152219	2049	+	31	26	152209	RL2|UL19|UL29|UL30|UL5|UL52|UL54	4717
KR011303.1	partial_genome	152237	702	+	30	25	152207	RL2|UL19|UL29|UL30|UL5|UL52|UL54	4777
KR011304.1	partial_genome	151883	4778	+	26	24	152209	RL2|UL19|UL29|UL30|UL5|UL52|UL54	4698
KR011305.1	partial_genome	152207	2486	+	28	3	152197	RL2|UL19|UL29|UL30|UL5|UL52|UL54	4777
KR011306.1	partial_genome	152312	2053	+	29	4	152196	RL2|UL19|UL29|UL30|UL5|UL52|UL54	4721
KR011307.1	partial_genome	152147	135	+	34	1	152194	RL2|UL19|UL29|UL30|UL5|UL52|UL54	4755
KR011308.1	partial_genome	152206	904	+	28	1	152208	RL2|UL19|UL29|UL30|UL5|UL52|UL54	4777
KR011309.1	partial_genome	152173	3598	+	23	3	152196	RL2|UL19|UL29|UL30|UL5|UL52|UL54	4745
KR011310.1	partial_genome	152078	3061	+	24	3	152194	RL2|UL19|UL29|UL30|UL5|UL52|UL54	4762
KR011311.1	partial_genome	152271	2531	+	29	1	152196	RL2|UL19|UL29|UL30|UL5|UL52|UL54	4725
KR011312.1	partial_genome	152158	462	+	33	1	152196	RL2|UL19|UL29|UL30|UL5|UL52|UL54	4777
KR052507.1	partial_genome	152233	369	+	30	1	152210	RL2|UL19|UL29|UL30|UL5|UL52|UL54	4777
KR052508.1	partial_genome	151912	5006	+	26	25	152166	RL2|UL19|UL29|UL30|UL5|UL52|UL54	4777
KT780616.1	partial_genome	151998	21510	+	3	27	151878	RL2|UL19|UL29|UL30|UL5|UL52|UL54	4379
KU310657.1	partial_genome	150376	12602	+	45	989	150724	RL2|UL19|UL29|UL30|UL5|UL52|UL54	4335
KU310658.1	partial_genome	149646	12593	+	46	884	151787	RL2|UL19|UL29|UL30|UL5|UL52|UL54	4256
KU310659.1	partial_genome	157800	16785	+	55	1017	150430	RL2|UL19|UL29|UL30|UL5|UL52|UL54	4324
KU310660.1	partial_genome	149842	13014	+	40	351	152206	RL2|UL19|UL29|UL30|UL5|UL52|UL54	4346
KU310661.1	partial_genome	152992	17203	+	47	390	150794	RL2|UL19|UL29|UL30|UL5|UL52|UL54	4023
KX265022.1	partial_genome	152243	1677	+	32	2	152196	RL2|UL19|UL29|UL30|UL5|UL52|UL54	4777
KX265023.1	partial_genome	152238	2555	+	26	23	152208	RL2|UL19|UL29|UL30|UL5|UL52|UL54	4759
KX265024.1	partial_genome	152313	2503	+	28	2	152194	RL2|UL19|UL29|UL30|UL5|UL52|UL54	4777
KX265025.1	partial_genome	152258	646	+	34	25	152209	RL2|UL19|UL29|UL30|UL5|UL52|UL54	4777
KX265026.1	partial_genome	152204	1395	+	30	2	152195	RL2|UL19|UL29|UL30|UL5|UL52|UL54	4777
KX265027.1	partial_genome	152192	3606	+	37	23	152207	RL2|UL19|UL29|UL30|UL5|UL52|UL54	4724
KX265028.1	partial_genome	152223	722	+	39	1	152197	RL2|UL19|UL29|UL30|UL5|UL52|UL54	4777
KX265029.1	partial_genome	152255	413	+	35	23	152209	RL2|UL19|UL29|UL30|UL5|UL52|UL54	4777
KX265030.1	partial_genome	152000	3492	+	24	23	152210	RL2|UL19|UL29|UL30|UL5|UL52|UL54	4752
KX265031.1	partial_genome	152195	857	+	26	2	152195	RL2|UL19|UL29|UL30|UL5|UL52|UL54	4777
KX265032.1	partial_genome	152237	3500	+	32	2	152196	RL2|UL19|UL29|UL30|UL5|UL52|UL54	4761
KX265033.1	partial_genome	152233	4662	+	22	2	152196	RL2|UL19|UL29|UL30|UL5|UL52|UL54	4743
KX265034.1	partial_genome	152100	3410	+	32	2	152208	RL2|UL19|UL29|UL30|UL5|UL52|UL54	4755
KX265035.1	partial_genome	152267	1332	+	40	25	152208	RL2|UL19|UL29|UL30|UL5|UL52|UL54	4777
KX265036.1	partial_genome	152223	1243	+	37	23	152209	RL2|UL19|UL29|UL30|UL5|UL52|UL54	4777
KX265037.1	partial_genome	152163	818	+	31	1	152196	RL2|UL19|UL29|UL30|UL5|UL52|UL54	4777
KX265038.1	partial_genome	152167	2678	+	33	3	152197	RL2|UL19|UL29|UL30|UL5|UL52|UL54	4763
KX265039.1	partial_genome	152227	582	+	36	23	152208	RL2|UL19|UL29|UL30|UL5|UL52|UL54	4777
KX265040.1	partial_genome	152233	1030	+	27	2	152194	RL2|UL19|UL29|UL30|UL5|UL52|UL54	4777
KX265041.1	partial_genome	152234	1460	+	31	3	152207	RL2|UL19|UL29|UL30|UL5|UL52|UL54	4777
KX265042.1	partial_genome	152191	1451	+	28	2	152196	RL2|UL19|UL29|UL30|UL5|UL52|UL54	4777
KX265043.1	partial_genome	152184	3230	+	24	1	152196	RL2|UL19|UL29|UL30|UL5|UL52|UL54	4748
KX265044.1	partial_genome	152291	2686	+	34	2	152197	RL2|UL19|UL29|UL30|UL5|UL52|UL54	4777
KX265045.1	partial_genome	152177	3033	+	25	1	152195	RL2|UL19|UL29|UL30|UL5|UL52|UL54	4777
KX265046.1	partial_genome	152244	713	+	42	26	152209	RL2|UL19|UL29|UL30|UL5|UL52|UL54	4777
KX946970.1	partial_genome	151334	6633	+	16	350	152217	RL2|UL19|UL29|UL30|UL5|UL52|UL54	4777
MG646679.1	partial_genome	149779	0	+	32	2	152209	RL2|UL19|UL29|UL30|UL5|UL52|UL54	4777
MG708284.1	partial_genome	151596	775	+	36	299	152210	RL2|UL19|UL29|UL30|UL5|UL52|UL54	4777
MG708285.1	partial_genome	152517	2834	+	38	298	152210	RL2|UL19|UL29|UL30|UL5|UL52|UL54	4777
MG708286.1	partial_genome	153858	8	+	59	83	152210	RL2|UL19|UL29|UL30|UL5|UL52|UL54	4777
MG708287.1	partial_genome	152589	5	+	36	298	152210	RL2|UL19|UL29|UL30|UL5|UL52|UL54	4777
MG708288.1	partial_genome	152069	0	+	41	298	152210	RL2|UL19|UL29|UL30|UL5|UL52|UL54	4777
MG708289.1	partial_genome	153536	401	+	38	299	152210	RL2|UL19|UL29|UL30|UL5|UL52|UL54	4777
MG708290.1	partial_genome	151303	105	+	48	299	152210	RL2|UL19|UL29|UL30|UL5|UL52|UL54	4777
MG708291.1	partial_genome	151437	4490	+	43	298	152210	RL2|UL19|UL29|UL30|UL5|UL52|UL54	4777
MG708292.1	partial_genome	151186	1080	+	48	83	152210	RL2|UL19|UL29|UL30|UL5|UL52|UL54	4777
MG999838.1	partial_genome	152505	784	+	30	4	152209	RL2|UL19|UL29|UL30|UL5|UL52|UL54	4777
MG999839.1	partial_genome	152277	3265	+	40	12	152210	RL2|UL19|UL29|UL30|UL5|UL52|UL54	4777
MG999840.1	partial_genome	152172	16995	+	27	83	152210	RL2|UL19|UL29|UL30|UL5|UL52|UL54	4255
MG999841.1	partial_genome	152204	2499	+	36	28	152210	RL2|UL19|UL29|UL30|UL5|UL52|UL54	4777
MG999842.1	partial_genome	151413	13284	+	2	391	151743	RL2|UL19|UL29|UL30|UL5|UL52|UL54	4500
MG999843.1	partial_genome	151440	2794	+	37	352	152207	RL2|UL19|UL29|UL30|UL5|UL52|UL54	4777
MG999844.1	partial_genome	151874	2622	+	39	350	152209	RL2|UL19|UL29|UL30|UL5|UL52|UL54	4777
MG999845.1	partial_genome	149530	13615	+	3	1507	150990	RL2|UL19|UL29|UL30|UL5|UL52|UL54	4658
MG999846.1	partial_genome	152019	3828	+	41	299	152210	RL2|UL19|UL29|UL30|UL5|UL52|UL54	4750
MG999847.1	partial_genome	151851	5473	+	32	343	152210	RL2|UL19|UL29|UL30|UL5|UL52|UL54	4750
MG999848.1	partial_genome	151890	5474	+	38	297	152209	RL2|UL19|UL29|UL30|UL5|UL52|UL54	4769
MG999849.1	partial_genome	152494	2860	+	40	297	152208	RL2|UL19|UL29|UL30|UL5|UL52|UL54	4777
MG999850.1	partial_genome	151292	8209	+	11	635	151798	RL2|UL19|UL29|UL30|UL5|UL52|UL54	4756
MG999851.1	partial_genome	152887	2169	+	33	30	152218	RL2|UL19|UL29|UL30|UL5|UL52|UL54	4777
MG999852.1	partial_genome	151547	1856	+	37	349	152208	RL2|UL19|UL29|UL30|UL5|UL52|UL54	4777
MG999853.1	partial_genome	151997	2636	+	22	32	152207	RL2|UL19|UL29|UL30|UL5|UL52|UL54	4777
MG999854.1	partial_genome	151378	5946	+	28	459	151802	RL2|UL19|UL29|UL30|UL5|UL52|UL54	4777
MG999855.1	partial_genome	151847	4512	+	31	93	152210	RL2|UL19|UL29|UL30|UL5|UL52|UL54	4744
MG999856.1	partial_genome	151468	14796	+	6	91	152209	RL2|UL19|UL29|UL30|UL5|UL52|UL54	4654
MG999857.1	partial_genome	151248	4443	+	20	297	152207	RL2|UL19|UL29|UL30|UL5|UL52|UL54	4777
MG999858.1	partial_genome	151634	4007	+	27	2	152208	RL2|UL19|UL29|UL30|UL5|UL52|UL54	4777
MG999859.1	partial_genome	151779	3286	+	37	3	152207	RL2|UL19|UL29|UL30|UL5|UL52|UL54	4769
MG999860.1	partial_genome	151224	10274	+	3	299	152210	RL2|UL19|UL29|UL30|UL5|UL52|UL54	4648
MG999861.1	partial_genome	159355	4344	+	52	27	152210	RL2|UL19|UL29|UL30|UL5|UL52|UL54	4726
MG999862.1	partial_genome	151979	3220	+	22	393	151777	RL2|UL19|UL29|UL30|UL5|UL52|UL54	4777
MG999863.1	partial_genome	151319	6906	+	19	390	151756	RL2|UL19|UL29|UL30|UL5|UL52|UL54	4728
MG999864.1	partial_genome	151134	8049	+	19	413	151486	RL2|UL19|UL29|UL30|UL5|UL52|UL54	4755
MG999865.1	partial_genome	152056	6937	+	23	2	152208	RL2|UL19|UL29|UL30|UL5|UL52|UL54	4777
MG999866.1	partial_genome	152306	3328	+	37	29	152210	RL2|UL19|UL29|UL30|UL5|UL52|UL54	4777
MG999867.1	partial_genome	152226	3296	+	40	299	152210	RL2|UL19|UL29|UL30|UL5|UL52|UL54	4777
MG999868.1	partial_genome	151584	3376	+	36	86	152210	RL2|UL19|UL29|UL30|UL5|UL52|UL54	4777
MG999869.1	partial_genome	152300	3846	+	36	1	152191	RL2|UL19|UL29|UL30|UL5|UL52|UL54	4777
MG999870.1	partial_genome	152330	2065	+	32	1	152187	RL2|UL19|UL29|UL30|UL5|UL52|UL54	4777
MG999871.1	partial_genome	152044	7639	+	32	2	152210	RL2|UL19|UL29|UL30|UL5|UL52|UL54	4777
MG999872.1	partial_genome	151906	17742	+	8	23	152208	RL2|UL19|UL29|UL30|UL5|UL52|UL54	4480
MG999873.1	partial_genome	151621	12815	+	2	2	151877	RL2|UL19|UL29|UL30|UL5|UL52|UL54	4499
MG999874.1	partial_genome	151456	15320	+	3	393	151784	RL2|UL19|UL29|UL30|UL5|UL52|UL54	4489
MG999875.1	partial_genome	152027	2959	+	30	300	152207	RL2|UL19|UL29|UL30|UL5|UL52|UL54	4777
MG999876.1	partial_genome	152084	5897	+	27	18	152204	RL2|UL19|UL29|UL30|UL5|UL52|UL54	4777
MG999877.1	partial_genome	151478	7230	+	24	297	152207	RL2|UL19|UL29|UL30|UL5|UL52|UL54	4769
MG999878.1	partial_genome	152399	6541	+	40	51	152207	RL2|UL19|UL29|UL30|UL5|UL52|UL54	4763
MG999879.1	partial_genome	152105	8253	+	12	297	152208	RL2|UL19|UL29|UL30|UL5|UL52|UL54	4777
MG999880.1	partial_genome	152064	3949	+	33	298	152201	RL2|UL19|UL29|UL30|UL5|UL52|UL54	4777
MG999881.1	partial_genome	151941	6439	+	20	3	151930	RL2|UL19|UL29|UL30|UL5|UL52|UL54	4777
MG999882.1	partial_genome	151463	6550	+	17	298	152207	RL2|UL19|UL29|UL30|UL5|UL52|UL54	4777
MG999883.1	partial_genome	152309	3063	+	39	297	152207	RL2|UL19|UL29|UL30|UL5|UL52|UL54	4777
MG999884.1	partial_genome	152037	1824	+	29	348	152207	RL2|UL19|UL29|UL30|UL5|UL52|UL54	4777
MG999885.1	partial_genome	151509	6711	+	19	418	151486	RL2|UL19|UL29|UL30|UL5|UL52|UL54	4759
MG999886.1	partial_genome	151811	2681	+	39	388	151782	RL2|UL19|UL29|UL30|UL5|UL52|UL54	4777
MG999887.1	partial_genome	151853	2424	+	24	45	152210	RL2|UL19|UL29|UL30|UL5|UL52|UL54	4777
MG999888.1	partial_genome	151306	4641	+	8	363	151485	RL2|UL19|UL29|UL30|UL5|UL52|UL54	4777
MG999889.1	partial_genome	152574	1092	+	43	84	152208	RL2|UL19|UL29|UL30|UL5|UL52|UL54	4777
MG999890.1	partial_genome	150763	10637	+	12	305	152210	RL2|UL19|UL29|UL30|UL5|UL52|UL54	4743
MG999891.1	partial_genome	151648	5955	+	25	85	152208	RL2|UL19|UL29|UL30|UL5|UL52|UL54	4777
MG999892.1	partial_genome	151982	4551	+	42	298	152209	RL2|UL19|UL29|UL30|UL5|UL52|UL54	4777
MG999893.1	partial_genome	151926	4561	+	41	300	152207	RL2|UL19|UL29|UL30|UL5|UL52|UL54	4777
MG999894.1	partial_genome	152314	2544	+	27	27	152217	RL2|UL19|UL29|UL30|UL5|UL52|UL54	4777
MG999895.1	partial_genome	151285	7977	+	14	428	151486	RL2|UL19|UL29|UL30|UL5|UL52|UL54	4763
MG999896.1	partial_genome	152272	4608	+	42	298	152209	RL2|UL19|UL29|UL30|UL5|UL52|UL54	4777
MG999897.1	partial_genome	152278	1917	+	34	4	152147	RL2|UL19|UL29|UL30|UL5|UL52|UL54	4777
MG999898.1	partial_genome	151583	10721	+	13	2	151941	RL2|UL19|UL29|UL30|UL5|UL52|UL54	4769
MG999899.1	partial_genome	151398	11249	+	12	30	151921	RL2|UL19|UL29|UL30|UL5|UL52|UL54	4728
MH160358.1	partial_genome	152344	6271	+	35	8	152208	RL2|UL19|UL29|UL30|UL5|UL52|UL54	4777
MH160359.1	partial_genome	151445	7110	+	14	72	152209	RL2|UL19|UL29|UL30|UL5|UL52|UL54	4726
MH160360.1	partial_genome	152151	3590	+	25	26	152210	RL2|UL19|UL29|UL30|UL5|UL52|UL54	4745
MH160361.1	partial_genome	151911	9061	+	21	301	152208	RL2|UL19|UL29|UL30|UL5|UL52|UL54	4716
MH160362.1	partial_genome	152020	3594	+	41	2	152197	RL2|UL19|UL29|UL30|UL5|UL52|UL54	4736
MH160363.1	partial_genome	151485	8286	+	11	349	152208	RL2|UL19|UL29|UL30|UL5|UL52|UL54	4733
MH160364.1	partial_genome	151933	6142	+	32	299	152210	RL2|UL19|UL29|UL30|UL5|UL52|UL54	4738
MH160365.1	partial_genome	152258	6402	+	20	8	152207	RL2|UL19|UL29|UL30|UL5|UL52|UL54	4730
MH160366.1	partial_genome	151640	10848	+	14	27	152210	RL2|UL19|UL29|UL30|UL5|UL52|UL54	4687
MH160367.1	partial_genome	150678	5410	+	28	395	150984	RL2|UL19|UL29|UL30|UL5|UL52|UL54	4726
MH160368.1	partial_genome	152169	8023	+	26	2	152209	RL2|UL19|UL29|UL30|UL5|UL52|UL54	4688
MH160369.1	partial_genome	152365	4214	+	27	5	152208	RL2|UL19|UL29|UL30|UL5|UL52|UL54	4733
MH160370.1	partial_genome	151342	7284	+	17	390	151715	RL2|UL19|UL29|UL30|UL5|UL52|UL54	4710
MH160371.1	partial_genome	150918	6799	+	18	29	152208	RL2|UL19|UL29|UL30|UL5|UL52|UL54	4721
MH160372.1	partial_genome	151714	5570	+	16	3	152210	RL2|UL19|UL29|UL30|UL5|UL52|UL54	4754
MH160373.1	partial_genome	151263	6172	+	32	466	151484	RL2|UL19|UL29|UL30|UL5|UL52|UL54	4734
MH160374.1	partial_genome	151103	7978	+	18	407	151484	RL2|UL19|UL29|UL30|UL5|UL52|UL54	4748
MH160375.1	partial_genome	151472	6098	+	28	352	152207	RL2|UL19|UL29|UL30|UL5|UL52|UL54	4717
MH160376.1	partial_genome	151660	4189	+	25	347	152210	RL2|UL19|UL29|UL30|UL5|UL52|UL54	4746
MH160377.1	partial_genome	151222	6862	+	17	352	152207	RL2|UL19|UL29|UL30|UL5|UL52|UL54	4731
MH160378.1	partial_genome	151387	10626	+	18	425	151789	RL2|UL19|UL29|UL30|UL5|UL52|UL54	4714
MH160379.1	partial_genome	152038	4756	+	25	307	152210	RL2|UL19|UL29|UL30|UL5|UL52|UL54	4737
MH160380.1	partial_genome	152106	5382	+	28	299	152210	RL2|UL19|UL29|UL30|UL5|UL52|UL54	4728
MH160381.1	partial_genome	152088	3460	+	26	3	152210	RL2|UL19|UL29|UL30|UL5|UL52|UL54	4755
MH160382.1	partial_genome	151710	6230	+	30	354	152209	RL2|UL19|UL29|UL30|UL5|UL52|UL54	4738
MH160383.1	partial_genome	151411	5000	+	18	390	151796	RL2|UL19|UL29|UL30|UL5|UL52|UL54	4749
MH160384.1	partial_genome	151907	4263	+	18	3	152209	RL2|UL19|UL29|UL30|UL5|UL52|UL54	4757
MH160385.1	partial_genome	152270	3848	+	19	354	152209	RL2|UL19|UL29|UL30|UL5|UL52|UL54	4754
MH160386.1	partial_genome	151895	2045	+	33	2	152149	RL2|UL19|UL29|UL30|UL5|UL52|UL54	4751
MH160387.1	partial_genome	151766	12847	+	15	27	152208	RL2|UL19|UL29|UL30|UL5|UL52|UL54	4672
MH160388.1	partial_genome	152076	6350	+	38	38	151921	RL2|UL19|UL29|UL30|UL5|UL52|UL54	4753
MH160389.1	partial_genome	151592	5123	+	25	46	152149	RL2|UL19|UL29|UL30|UL5|UL52|UL54	4760
MH160390.1	partial_genome	151970	4903	+	25	35	152150	RL2|UL19|UL29|UL30|UL5|UL52|UL54	4749
MH160391.1	partial_genome	152090	4350	+	30	2	152210	RL2|UL19|UL29|UL30|UL5|UL52|UL54	4732
MH813981.1	partial_genome	151365	15991	+	5	351	152210	RL2|UL19|UL29|UL30|UL5|UL52|UL54	4707
MH813982.1	partial_genome	151364	2300	+	15	403	151487	RL2|UL19|UL29|UL30|UL5|UL52|UL54	4777
MH813983.1	partial_genome	149512	14437	+	2	1504	150991	RL2|UL19|UL29|UL30|UL5|UL52|UL54	4685
MH813984.1	partial_genome	151344	3868	+	14	407	151486	RL2|UL19|UL29|UL30|UL5|UL52|UL54	4763
MH813985.1	partial_genome	151061	5551	+	12	407	151486	RL2|UL19|UL29|UL30|UL5|UL52|UL54	4748
MH813986.1	partial_genome	152280	3460	+	21	27	152209	RL2|UL19|UL29|UL30|UL5|UL52|UL54	4765
MH813987.1	partial_genome	151075	2601	+	18	403	151481	RL2|UL19|UL29|UL30|UL5|UL52|UL54	4777
MH813988.1	partial_genome	151195	5420	+	11	407	151485	RL2|UL19|UL29|UL30|UL5|UL52|UL54	4763
MH813989.1	partial_genome	150937	8609	+	12	485	151486	RL2|UL19|UL29|UL30|UL5|UL52|UL54	4738
MH813990.1	partial_genome	150324	8588	+	11	422	150614	RL2|UL19|UL29|UL30|UL5|UL52|UL54	4743
MH813991.1	partial_genome	151803	9589	+	12	28	152208	RL2|UL19|UL29|UL30|UL5|UL52|UL54	4777
MH813992.1	partial_genome	151152	4001	+	12	403	151485	RL2|UL19|UL29|UL30|UL5|UL52|UL54	4777
MH813993.1	partial_genome	151116	2626	+	14	352	152207	RL2|UL19|UL29|UL30|UL5|UL52|UL54	4777
MH813994.1	partial_genome	150708	15542	+	5	351	152210	RL2|UL19|UL29|UL30|UL5|UL52|UL54	4694
MH925774.1	partial_genome	151227	5862	+	16	415	151484	RL2|UL19|UL29|UL30|UL5|UL52|UL54	4777
MH999838.1	partial_genome	154207	1481	+	51	25	151916	RL2|UL19|UL29|UL30|UL5|UL52|UL54	4777
MH999843.1	partial_genome	153975	1159	+	27	299	152210	RL2|UL19|UL29|UL30|UL5|UL52|UL54	4777
MK952183.1	partial_genome	150399	1719	+	26	1	152208	RL2|UL19|UL29|UL30|UL5|UL52|UL54	4769
MK952184.1	partial_genome	151693	6541	+	28	1	152209	RL2|UL19|UL29|UL30|UL5|UL52|UL54	4767
MK952185.1	partial_genome	152676	770	+	36	1	152210	RL2|UL19|UL29|UL30|UL5|UL52|UL54	4769
MN159376.1	partial_genome	152233	4519	+	22	1	152222	RL2|UL19|UL29|UL30|UL5|UL52|UL54	4777
MN159380.1	partial_genome	152333	137	+	33	3	152222	RL2|UL19|UL29|UL30|UL5|UL52|UL54	4777
MN159381.1	partial_genome	152392	235	+	33	4	152222	RL2|UL19|UL29|UL30|UL5|UL52|UL54	4777
MN159382.1	partial_genome	152298	260	+	30	2	152222	RL2|UL19|UL29|UL30|UL5|UL52|UL54	4777
MN401201.1	partial_genome	150268	9504	+	19	297	152208	RL2|UL19|UL29|UL30|UL5|UL52|UL54	4652
MN401202.1	partial_genome	151621	11977	+	17	330	152209	RL2|UL19|UL29|UL30|UL5|UL52|UL54	4646
MN401203.1	partial_genome	151952	10625	+	20	322	152209	RL2|UL19|UL29|UL30|UL5|UL52|UL54	4676
MN401204.1	partial_genome	152200	4036	+	31	4	152210	RL2|UL19|UL29|UL30|UL5|UL52|UL54	4757
MN401205.1	partial_genome	151522	4986	+	28	3	151941	RL2|UL19|UL29|UL30|UL5|UL52|UL54	4739
MN401206.1	partial_genome	153248	8332	+	35	3	152208	RL2|UL19|UL29|UL30|UL5|UL52|UL54	4748
MN401207.1	partial_genome	151600	9738	+	24	1	152210	RL2|UL19|UL29|UL30|UL5|UL52|UL54	4689
MN401208.1	partial_genome	152683	5576	+	35	3	152210	RL2|UL19|UL29|UL30|UL5|UL52|UL54	4759
MT876428.1	partial_genome	152223	5920	+	3	1	152222	RL2|UL19|UL29|UL30|UL5|UL52|UL54	4681
OL638990.1	partial_genome	152373	93	+	50	27	152209	RL2|UL19|UL29|UL30|UL5|UL52|UL54	4777
OL638991.1	partial_genome	152382	300	+	46	29	152208	RL2|UL19|UL29|UL30|UL5|UL52|UL54	4769
ON007133.1	partial_genome	150457	3582	+	34	299	152210	RL2|UL19|UL29|UL30|UL5|UL52|UL54	4756
ON007134.1	partial_genome	149907	1038	+	25	300	152207	RL2|UL19|UL29|UL30|UL5|UL52|UL54	4777
ON007135.1	partial_genome	150601	1108	+	41	85	152209	RL2|UL19|UL29|UL30|UL5|UL52|UL54	4777
ON007139.1	partial_genome	150754	3200	+	27	30	151929	RL2|UL19|UL29|UL30|UL5|UL52|UL54	4748
ON007140.1	partial_genome	151230	2859	+	36	9	152208	RL2|UL19|UL29|UL30|UL5|UL52|UL54	4777
ON007147.1	partial_genome	150759	1036	+	40	83	152209	RL2|UL19|UL29|UL30|UL5|UL52|UL54	4777
ON007148.1	partial_genome	150893	1564	+	39	85	152209	RL2|UL19|UL29|UL30|UL5|UL52|UL54	4777
ON007153.1	partial_genome	149890	467	+	28	30	151929	RL2|UL19|UL29|UL30|UL5|UL52|UL54	4777
ON007155.1	partial_genome	150151	1195	+	41	10	152209	RL2|UL19|UL29|UL30|UL5|UL52|UL54	4777
ON007156.1	partial_genome	150428	300	+	43	85	152210	RL2|UL19|UL29|UL30|UL5|UL52|UL54	4777
ON007157.1	partial_genome	149353	5638	+	23	1220	151049	RL2|UL19|UL29|UL30|UL5|UL52|UL54	4758
ON007160.1	partial_genome	150644	1196	+	37	85	152210	RL2|UL19|UL29|UL30|UL5|UL52|UL54	4777
ON007161.1	partial_genome	150648	1369	+	36	9	152210	RL2|UL19|UL29|UL30|UL5|UL52|UL54	4777
ON007162.1	partial_genome	150448	3358	+	37	85	152210	RL2|UL19|UL29|UL30|UL5|UL52|UL54	4777
ON007163.1	partial_genome	150120	3508	+	41	1	152210	RL2|UL19|UL29|UL30|UL5|UL52|UL54	4777
ON007164.1	partial_genome	150780	2941	+	35	85	152210	RL2|UL19|UL29|UL30|UL5|UL52|UL54	4777
OP297864.1	partial_genome	151641	1276	+	34	25	152209	RL2|UL19|UL29|UL30|UL5|UL52|UL54	4629
OP297869.1	partial_genome	149137	694	+	43	85	152209	RL2|UL19|UL29|UL30|UL5|UL52|UL54	4777
OP297878.1	partial_genome	149125	2700	+	45	85	152209	RL2|UL19|UL29|UL30|UL5|UL52|UL54	4777
OP297883.1	partial_genome	151208	1710	+	44	23	152210	RL2|UL19|UL29|UL30|UL5|UL52|UL54	4777
OP431868.1	partial_genome	151100	1204	+	31	322	152210	RL2|UL19|UL29|UL30|UL5|UL52|UL54	4777
OP431869.1	partial_genome	152325	39	+	58	1	152209	RL2|UL19|UL29|UL30|UL5|UL52|UL54	4777
OP431870.1	partial_genome	150185	4	+	39	1	152209	RL2|UL19|UL29|UL30|UL5|UL52|UL54	4777
OP431871.1	partial_genome	151172	4032	+	29	1	152210	RL2|UL19|UL29|UL30|UL5|UL52|UL54	4725
OP431872.1	partial_genome	151305	6992	+	26	299	152210	RL2|UL19|UL29|UL30|UL5|UL52|UL54	4737
OP431873.1	partial_genome	150026	1515	+	44	297	152210	RL2|UL19|UL29|UL30|UL5|UL52|UL54	4777
OP431874.1	partial_genome	153208	2941	+	54	1	151944	RL2|UL19|UL29|UL30|UL5|UL52|UL54	4777
OP431875.1	partial_genome	150257	4916	+	33	27	152209	RL2|UL19|UL29|UL30|UL5|UL52|UL54	4752
OP431876.1	partial_genome	150163	2517	+	44	299	152210	RL2|UL19|UL29|UL30|UL5|UL52|UL54	4777
OP431877.1	partial_genome	150790	2915	+	26	29	152208	RL2|UL19|UL29|UL30|UL5|UL52|UL54	4777
OP431878.1	partial_genome	150488	402	+	41	1	152210	RL2|UL19|UL29|UL30|UL5|UL52|UL54	4777
OP431879.1	partial_genome	151053	3532	+	32	1	152209	RL2|UL19|UL29|UL30|UL5|UL52|UL54	4777
OP431880.1	partial_genome	150978	3406	+	39	1	152208	RL2|UL19|UL29|UL30|UL5|UL52|UL54	4767
OP431881.1	partial_genome	150385	2068	+	43	1	152209	RL2|UL19|UL29|UL30|UL5|UL52|UL54	4754
OP431882.1	partial_genome	150103	4	+	31	297	152197	RL2|UL19|UL29|UL30|UL5|UL52|UL54	4777
OP431883.1	partial_genome	150501	8	+	34	1	152209	RL2|UL19|UL29|UL30|UL5|UL52|UL54	4777
OP431885.1	partial_genome	150682	1579	+	48	1	152209	RL2|UL19|UL29|UL30|UL5|UL52|UL54	4777
OP431886.1	partial_genome	150093	4	+	31	342	152197	RL2|UL19|UL29|UL30|UL5|UL52|UL54	4777
OP431887.1	partial_genome	150377	2019	+	46	1	152210	RL2|UL19|UL29|UL30|UL5|UL52|UL54	4777
OP431888.1	partial_genome	150799	18	+	53	1	152208	RL2|UL19|UL29|UL30|UL5|UL52|UL54	4777
OP431889.1	partial_genome	151726	5361	+	36	1	152208	RL2|UL19|UL29|UL30|UL5|UL52|UL54	4744
OP431890.1	partial_genome	151335	7249	+	32	299	152208	RL2|UL19|UL29|UL30|UL5|UL52|UL54	4755
OP431891.1	partial_genome	150545	7	+	27	1	152209	RL2|UL19|UL29|UL30|UL5|UL52|UL54	4777
OP431892.1	partial_genome	150786	35	+	44	1	152208	RL2|UL19|UL29|UL30|UL5|UL52|UL54	4777
OP431893.1	partial_genome	150282	76	+	49	1	152208	RL2|UL19|UL29|UL30|UL5|UL52|UL54	4777
OP431894.1	partial_genome	150292	4016	+	33	28	152210	RL2|UL19|UL29|UL30|UL5|UL52|UL54	4725
OP431895.1	partial_genome	150466	2557	+	43	1	152208	RL2|UL19|UL29|UL30|UL5|UL52|UL54	4741
OP431896.1	partial_genome	150672	27	+	43	1	152210	RL2|UL19|UL29|UL30|UL5|UL52|UL54	4777
OP431898.1	partial_genome	150841	31	+	52	1	152209	RL2|UL19|UL29|UL30|UL5|UL52|UL54	4777
OP431899.1	partial_genome	150633	341	+	33	28	152210	RL2|UL19|UL29|UL30|UL5|UL52|UL54	4777
OP431900.1	partial_genome	151024	6383	+	35	297	152210	RL2|UL19|UL29|UL30|UL5|UL52|UL54	4733
OP431901.1	partial_genome	150746	38	+	44	1	152209	RL2|UL19|UL29|UL30|UL5|UL52|UL54	4777
OP431902.1	partial_genome	149153	42	+	32	342	152197	RL2|UL19|UL29|UL30|UL5|UL52|UL54	4777
OP431903.1	partial_genome	150632	354	+	38	1	152210	RL2|UL19|UL29|UL30|UL5|UL52|UL54	4777
OP431904.1	partial_genome	151865	4088	+	30	325	152208	RL2|UL19|UL29|UL30|UL5|UL52|UL54	4777
OP431905.1	partial_genome	150405	1134	+	35	28	152206	RL2|UL19|UL29|UL30|UL5|UL52|UL54	4777
OP431906.1	partial_genome	150210	7	+	43	1	152207	RL2|UL19|UL29|UL30|UL5|UL52|UL54	4777
OP431908.1	partial_genome	148658	8863	+	36	297	152208	RL2|UL19|UL29|UL30|UL5|UL52|UL54	4731
OP431909.1	partial_genome	149590	73	+	34	297	152210	RL2|UL19|UL29|UL30|UL5|UL52|UL54	4777
OP431910.1	partial_genome	151246	896	+	33	323	152210	RL2|UL19|UL29|UL30|UL5|UL52|UL54	4777
OP431911.1	partial_genome	150410	1458	+	41	1	152210	RL2|UL19|UL29|UL30|UL5|UL52|UL54	4777
OP431913.1	partial_genome	150593	2232	+	42	1	152209	RL2|UL19|UL29|UL30|UL5|UL52|UL54	4777
OP871853.1	partial_genome	156880	614	+	85	2	152208	RL2|UL19|UL29|UL30|UL5|UL52|UL54	4777
OQ102003.1	partial_genome	152063	121	+	26	356	152207	RL2|UL19|UL29|UL30|UL5|UL52|UL54	4777
OQ658624.1	partial_genome	152073	1991	+	17	27	152210	RL2|UL19|UL29|UL30|UL5|UL52|UL54	4725
OQ724937.1	partial_genome	151308	445	+	25	29	152217	RL2|UL19|UL29|UL30|UL5|UL52|UL54	4777
OQ724954.1	partial_genome	152103	8080	+	14	4	152210	RL2|UL19|UL29|UL30|UL5|UL52|UL54	4601
OQ724955.1	partial_genome	152033	8312	+	13	2	152197	RL2|UL19|UL29|UL30|UL5|UL52|UL54	4538
OQ724956.1	partial_genome	152108	2832	+	30	298	152210	RL2|UL19|UL29|UL30|UL5|UL52|UL54	4730
OQ724957.1	partial_genome	152079	3477	+	23	84	152209	RL2|UL19|UL29|UL30|UL5|UL52|UL54	4729
OQ724962.1	partial_genome	152030	7106	+	14	297	152210	RL2|UL19|UL29|UL30|UL5|UL52|UL54	4602
OQ724963.1	partial_genome	152086	5142	+	13	28	152209	RL2|UL19|UL29|UL30|UL5|UL52|UL54	4638
OR771668.1	partial_genome	151664	200	+	27	1	152207	RL2|UL19|UL29|UL30|UL5|UL52|UL54	4777
OR771669.1	partial_genome	150861	301	+	24	29	152208	RL2|UL19|UL29|UL30|UL5|UL52|UL54	4777
OR771670.1	partial_genome	152092	1026	+	41	297	152209	RL2|UL19|UL29|UL30|UL5|UL52|UL54	4777
OR771671.1	partial_genome	151158	404	+	32	43	152209	RL2|UL19|UL29|UL30|UL5|UL52|UL54	4777
OR771673.1	partial_genome	151511	901	+	35	27	152210	RL2|UL19|UL29|UL30|UL5|UL52|UL54	4777
OR771674.1	partial_genome	151625	663	+	32	25	152207	RL2|UL19|UL29|UL30|UL5|UL52|UL54	4777
OR771675.1	partial_genome	151140	501	+	39	24	152218	RL2|UL19|UL29|UL30|UL5|UL52|UL54	4777
OR771676.1	partial_genome	151712	402	+	16	4	152208	RL2|UL19|UL29|UL30|UL5|UL52|UL54	4777
OR771677.1	partial_genome	150750	345	+	39	1	152210	RL2|UL19|UL29|UL30|UL5|UL52|UL54	4777
OR771678.1	partial_genome	151970	1031	+	34	29	152206	RL2|UL19|UL29|UL30|UL5|UL52|UL54	4777
OR771679.1	partial_genome	152032	1212	+	25	342	152193	RL2|UL19|UL29|UL30|UL5|UL52|UL54	4777
OR771680.1	partial_genome	152036	1323	+	31	298	152209	RL2|UL19|UL29|UL30|UL5|UL52|UL54	4777
OR771681.1	partial_genome	151392	461	+	30	85	152209	RL2|UL19|UL29|UL30|UL5|UL52|UL54	4777
OR771682.1	partial_genome	151281	450	+	27	83	152210	RL2|UL19|UL29|UL30|UL5|UL52|UL54	4769
OR771683.1	partial_genome	151960	509	+	25	28	152210	RL2|UL19|UL29|UL30|UL5|UL52|UL54	4766
OR771684.1	partial_genome	151546	573	+	36	29	152219	RL2|UL19|UL29|UL30|UL5|UL52|UL54	4777
OR771686.1	partial_genome	152171	378	+	33	1	152210	RL2|UL19|UL29|UL30|UL5|UL52|UL54	4777
OR771687.1	partial_genome	149736	538	+	32	25	152204	RL2|UL19|UL29|UL30|UL5|UL52|UL54	4777
OR771688.1	partial_genome	151877	624	+	17	298	152210	RL2|UL19|UL29|UL30|UL5|UL52|UL54	4777
OR771689.1	partial_genome	151666	902	+	47	29	152210	RL2|UL19|UL29|UL30|UL5|UL52|UL54	4777
OR771690.1	partial_genome	151467	700	+	38	27	152210	RL2|UL19|UL29|UL30|UL5|UL52|UL54	4777
OR771691.1	partial_genome	151113	273	+	25	1	152208	RL2|UL19|UL29|UL30|UL5|UL52|UL54	4777
OR771692.1	partial_genome	151544	546	+	44	2	152207	RL2|UL19|UL29|UL30|UL5|UL52|UL54	4777
OR771693.1	partial_genome	152324	1238	+	25	29	152197	RL2|UL19|UL29|UL30|UL5|UL52|UL54	4767
OR771694.1	partial_genome	152087	530	+	23	84	152219	RL2|UL19|UL29|UL30|UL5|UL52|UL54	4777
OR771695.1	partial_genome	151527	150	+	25	28	152209	RL2|UL19|UL29|UL30|UL5|UL52|UL54	4777
OR833062.1	partial_genome	151537	140	+	26	41	152210	RL2|UL19|UL29|UL30|UL5|UL52|UL54	4777
OR833063.1	partial_genome	150295	198	+	46	23	152152	RL2|UL19|UL29|UL30|UL5|UL52|UL54	4777
OR833064.1	partial_genome	151010	1808	+	24	29	152207	RL2|UL19|UL29|UL30|UL5|UL52|UL54	4761
OR833065.1	partial_genome	150681	306	+	39	2	152209	RL2|UL19|UL29|UL30|UL5|UL52|UL54	4777
OR833066.1	partial_genome	152039	528	+	21	2	152210	RL2|UL19|UL29|UL30|UL5|UL52|UL54	4777
OR833067.1	partial_genome	150167	552	+	23	29	152209	RL2|UL19|UL29|UL30|UL5|UL52|UL54	4777
OR833068.1	partial_genome	151785	679	+	30	49	152221	RL2|UL19|UL29|UL30|UL5|UL52|UL54	4777
OR833069.1	partial_genome	151763	630	+	40	25	152209	RL2|UL19|UL29|UL30|UL5|UL52|UL54	4777
OR833070.1	partial_genome	151495	716	+	45	1	152210	RL2|UL19|UL29|UL30|UL5|UL52|UL54	4777
OR833071.1	partial_genome	150673	203	+	44	1	152209	RL2|UL19|UL29|UL30|UL5|UL52|UL54	4777
PP379031.1	partial_genome	151629	216	+	38	25	152208	RL2|UL19|UL29|UL30|UL5|UL52|UL54	4777
PP379032.1	partial_genome	150321	786	+	28	24	152210	RL2|UL19|UL29|UL30|UL5|UL52|UL54	4777
PP379033.1	partial_genome	153976	280	+	39	25	152209	RL2|UL19|UL29|UL30|UL5|UL52|UL54	4768
PP379034.1	partial_genome	148798	4758	+	32	25	152208	RL2|UL19|UL29|UL30|UL5|UL52|UL54	4576
PP680711.1	partial_genome	153717	291	+	47	27	152209	RL2|UL19|UL29|UL30|UL5|UL52|UL54	4777
PV754022.1	partial_genome	150806	14	+	53	28	152209	RL2|UL19|UL29|UL30|UL5|UL52|UL54	4777
PX712187.1	partial_genome	151735	5010	+	16	351	152210	RL2|UL19|UL29|UL30|UL5|UL52|UL54	4669
PX837190.1	partial_genome	153679	225	+	46	29	152207	RL2|UL19|UL29|UL30|UL5|UL52|UL54	4777
PX911519.1	partial_genome	150422	20	+	54	29	152208	RL2|UL19|UL29|UL30|UL5|UL52|UL54	4777
PX911520.1	partial_genome	150396	19	+	49	28	152210	RL2|UL19|UL29|UL30|UL5|UL52|UL54	4777
PZ169680.1	partial_genome	150348	1796	+	39	351	152210	RL2|UL19|UL29|UL30|UL5|UL52|UL54	4777
PZ169682.1	partial_genome	151449	54	+	43	25	152209	RL2|UL19|UL29|UL30|UL5|UL52|UL54	4777
PZ169684.1	partial_genome	150677	78	+	46	25	152209	RL2|UL19|UL29|UL30|UL5|UL52|UL54	4777
PZ169685.1	partial_genome	150254	1868	+	49	1	152208	RL2|UL19|UL29|UL30|UL5|UL52|UL54	4751
PZ169686.1	partial_genome	153563	86	+	85	1	152208	RL2|UL19|UL29|UL30|UL5|UL52|UL54	4777
PZ169691.1	partial_genome	150875	273	+	49	1	152196	RL2|UL19|UL29|UL30|UL5|UL52|UL54	4777
PZ169692.1	partial_genome	150673	316	+	43	1	152209	RL2|UL19|UL29|UL30|UL5|UL52|UL54	4777
PZ169697.1	partial_genome	151166	3189	+	46	357	152208	RL2|UL19|UL29|UL30|UL5|UL52|UL54	4777
PZ169699.1	partial_genome	150871	2124	+	43	298	152209	RL2|UL19|UL29|UL30|UL5|UL52|UL54	4755
PZ169700.1	partial_genome	150229	2369	+	30	29	152169	RL2|UL19|UL29|UL30|UL5|UL52|UL54	4777
PZ169701.1	partial_genome	150392	2373	+	30	27	152168	RL2|UL19|UL29|UL30|UL5|UL52|UL54	4777
PZ169702.1	partial_genome	150865	801	+	43	355	152210	RL2|UL19|UL29|UL30|UL5|UL52|UL54	4777
PZ169703.1	partial_genome	151513	64	+	54	357	152209	RL2|UL19|UL29|UL30|UL5|UL52|UL54	4777
PZ169704.1	partial_genome	154447	2134	+	47	988	151844	RL2|UL19|UL29|UL30|UL5|UL52|UL54	4777
PZ169705.1	partial_genome	152087	60	+	55	355	152210	RL2|UL19|UL29|UL30|UL5|UL52|UL54	4777
PZ169706.1	partial_genome	150796	348	+	38	355	152210	RL2|UL19|UL29|UL30|UL5|UL52|UL54	4777
PZ169707.1	partial_genome	153908	3316	+	61	28	152210	RL2|UL19|UL29|UL30|UL5|UL52|UL54	4777
PZ169708.1	partial_genome	152605	1968	+	41	1	152209	RL2|UL19|UL29|UL30|UL5|UL52|UL54	4777
PZ169712.1	partial_genome	150225	52	+	32	24	152210	RL2|UL19|UL29|UL30|UL5|UL52|UL54	4777
PZ169714.1	partial_genome	149583	1521	+	15	885	151394	RL2|UL19|UL29|UL30|UL5|UL52|UL54	4777
PZ169715.1	partial_genome	150232	302	+	23	325	152193	RL2|UL19|UL29|UL30|UL5|UL52|UL54	4742
PZ169718.1	partial_genome	151240	3144	+	36	326	152194	RL2|UL19|UL29|UL30|UL5|UL52|UL54	4721
PZ169720.1	partial_genome	149745	88	+	19	325	152193	RL2|UL19|UL29|UL30|UL5|UL52|UL54	4770
PZ347688.1	partial_genome	152203	288	+	54	299	152210	RL2|UL19|UL29|UL30|UL5|UL52|UL54	4777
